title,url,Name,Pubtime,Content
2020年“扫黄打非”十大案件公布！,https://zhuanlan.zhihu.com/p/344129161,新华社,发布于 2021-01-14 01:21,"1月13日，全国“扫黄打非”办公室公布2020年度“扫黄打非”十大案件，包括利用网络直播、引流导流、架设淫秽网站等方式传播淫秽物品，制作传播非法出版物、侵犯著作权、网络水军删帖、假记者敲诈勒索等类型。据统计，2020年全国共查办“扫黄打非”案件1.1万余起，其中刑事案件3218起，刑事处罚5000余人。

1.广东肇庆“5·04”利用网络直播组织淫秽表演案

专案组押解犯罪嫌疑人

2020年初，肇庆市公安机关在查办一宗涉未成年人淫秽表演案的基础上，成立工作专班，深入侦办“口袋娱乐”直播平台案。2020年6月，在公安部及广东省公安厅的指挥下，肇庆市公安局组织警力300多人次进行集中收网。截至2020年12月，先后在全国15个省份抓获犯罪嫌疑人112名，刑事拘留112人，逮捕81人，解救未成年人36名，冻结和扣押资金1200万余元。目前，案件在进一步侦办中。

2.陕西咸阳“3·26”利用网络直播传播淫秽物品牟利案

该案中部分物证

2020年3月，咸阳市礼泉县公安局根据群众举报，对一款淫秽色情直播APP立案侦查。经查，“星空直播”及关联的“小金鱼”直播平台有大量男主播进行淫秽表演，高峰期同时在线主播200余人，每个直播间在线人数多则几千少则几百。两款APP注册主播4170人，其中113名为18岁以下未成年人；注册会员达12.4万余人，涉案金额约4000万余元。目前，公安机关共抓获犯罪嫌疑人93名，主要犯罪嫌疑人蒋某某、尤某某等14人已移送起诉，案件在进一步侦办中。

3.河南郑州假冒“滴滴司机”传播淫秽物品牟利案

2020年6月12日20时许，专案组在嫌疑人居住地发现涉案车辆

2020年6月11日，根据舆情反映和相关举报，郑州市公安局迅速组织对网传“滴滴司机性侵直播”事件核查。经查，犯罪嫌疑人车某涛、郜某琦二人系夫妻关系。6月10日凌晨，二人以牟利为目的，在自家车内，通过车某涛手机上的某非法直播APP，以网约车司机迷奸女乘客为噱头，公开进行淫秽色情表演，吸引他人观看打赏。专案组奋战20小时，在许昌抓获两名犯罪嫌疑人。

4.江苏盐城“极度文学”利用微信传播淫秽物品牟利案

犯罪嫌疑人被押解回盐城

根据群众举报，盐城警方破获该起案件。经查，犯罪嫌疑人胡某搭建淫秽小说网站，利用高额提成吸引代理商为其推广，代理商通过流量商，流量商委托广告公司应用引流裂变技术，短时间内将广告链接“裂变式”传播到大量微信群。这些链接以耸人听闻的假新闻标题吸引人点击，利用引流技术“劫持”网民手机“返回键”，当点击“返回”时，页面只会“刷新”跳转至该网站。2020年5月和12月，盐城警方组织警力在15个省份开展两次集中抓捕，共抓获犯罪嫌疑人31名，打掉推广公司团伙8个，查明涉案金额近4000万余元。目前，案件在进一步侦办中。

5.北京“5·20”利用视频网站传播涉幼淫秽物品案

该案涉案人员

2020年5月，北京市公安局成立专案组，对6个涉嫌传播儿童色情淫秽视频牟利的网站开展侦查工作。经查，相关网站均含有大量涉及儿童的淫秽色情视频和图片。网站经营者为逃避监管和打击，将网站服务器架设在境外，通过第四方支付平台收取会员费、广告费等方式非法牟利。2020年6月，专案组在多地统一收网，一举抓获网站及支付平台的实际经营人员等犯罪嫌疑人8名，打掉该系列淫秽网站。后又抓获1名支付平台涉案人员。目前，8名犯罪嫌疑人被批准逮捕，1人取保候审，案件在进一步侦办中。

6.浙江杭州淘宝网店非法销售英文电子期刊案

办案民警分析研判案情

2020年6月，根据浙江省“扫黄打非”办公室转办线索，杭州市公安机关对某淘宝网店非法销售传播英文电子期刊情况开展侦查。2020年7月和9月，犯罪嫌疑人周某某和黄某某分别被抓获归案。经查，周某某自2018年9月以来开设淘宝网店，交易5900余次非法销售传播英文电子期刊107类1.7万余期，涉案金额18.9万余元；黄某某自2015年以来，通过淘宝网店、微信公众号、百度网盘共享等方式，交易1.8万余次非法销售传播英文电子期刊118类1.2万余期，涉案金额22万余元。目前，案件已移送检察机关审查起诉。

7.辽宁大连任某某等制作传播非法出版物案

收缴的用于播放有害信息的外放收音机

2020年3月，大连市公安局通过扩线深挖，发现一个由本省多地人员组成的地下团伙，隐藏在城乡接合部，长期制作、传播有害信息。经查，该团伙组织网罗人员，筹集资金购买大功率外放收音机，改装后专门用于播放有害信息，并大量制作非法出版物进行传播散发。专案组共抓获团伙成员55人，打掉非法制作窝点23处，收缴改装收音机6000余台，私制书籍、小册子等非法出版物20余万份，查明涉案资金160万余元。目前，案件已移送检察机关审查起诉。

8.山东滨州“4•20”侵犯著作权案

市县两级文化执法人员查看现场

2020年4月，根据群众举报，滨州市无棣县“扫黄打非”办公室组织力量对本地7个库房进行执法检查，查获大量涉嫌侵权盗版少儿读物，初步统计有《海底小纵队探险记》等涉案少儿图书180万余册，码洋3100万余元，涉及国内19家出版社41种图书。案件由无棣县公安局刑事立案侦办。2020年7月以来，公安机关先后抓获５名犯罪嫌疑人。目前，案件已移送检察机关审查起诉。

9.安徽安庆“3·04”网络水军删帖牟利案

警方成功抓捕该案多名主犯

根据上级交办线索，安庆市公安局经过缜密侦查，成功破获案件，抓获有偿删帖“中介”及专门发布负面帖文的黑网站“站长”28人，取缔非法网站122个，处置负面帖文20万余篇。经查，2018年以来，贵州赵某、河南庞某平两个团伙自建大量“黑网站”，批量转发负面帖文，恶意攻击、诽谤党政机关、企业和个人，以不给钱不删帖为要挟实施敲诈勒索；合肥郝某珍团伙以删帖“中介”身份，与敲诈团伙勾连，在受害人联系后，唆使“黑网站”继续发帖，牟取更大利益；陕西杨某博团伙以有偿删帖方式，接受他人删帖委托，涉案金额近300万元。14名主犯因涉嫌敲诈勒索、非法经营等罪名，一审被判处六年六个月至十一个月的有期徒刑。2020年9月，该案二审维持原判。

10.山西朔州“5·16”纪某团伙假记者敲诈勒索案

法院审判现场

2020年10月，朔州市中级人民法院审结案件，纪某犯敲诈勒索罪，被判处有期徒刑十一年六个月，并处罚金四万元；刘某盼、郭某、李某昌犯敲诈勒索罪，被判处有期徒刑四年六个月至一年六个月，并处罚金二万元至五千元不等。经查，2012年10月，纪某注册上海某文化传播有限公司后，陆续在主要商业网站平台注册“时代纪实全媒体中心”自媒体账号发布文章。2013年至2018年期间，先后伙同刘某盼、郭某、李某昌等人，以非法占有为目的，假冒新闻工作者身份，以网络曝光、向政府职能部门举报方式相威胁，在山西、河北、内蒙古等多地作案8起，涉案金额74.5万元。

来源：全国“扫黄打非”工作小组办公室
监制：安涛
编辑：关开亮、陈子夏、周喆
实习：郭蕴琦、曾晴怡、赵心怡
执法必严，违法必究！"
李蓬国：足浴店花费超600元涉嫌嫖娼，“疑罪从有”太荒唐,https://zhuanlan.zhihu.com/p/63674492,一孔之见,发布于 2019-04-25 11:03,"文|李蓬国
据江苏省宜兴市公安局官方微博4月24日晚消息，今年1月31日，宜兴警方根据群众举报在城区某足浴店捣毁一涉嫌组织卖淫犯罪团伙，抓获蒋某（男，42岁，宜兴人）等15名犯罪嫌疑人，涉案人员均被采取刑事强制措施。宜兴警方依法对涉嫌参与卖淫嫖娼的违法人员进行传唤询问，目前，案件正在进一步办理中。网传“抓获1200余名违法人员、扫码超600元遭传唤”等内容属不实信息，请广大网民注意甄别，自觉做到不造谣、不信谣、不传谣。对恶意散布谣言的，公安机关将依法予以查处。（4月25日澎湃新闻）
“足浴店花费超600元涉嫌嫖娼遭传唤”令人拍案，如此“疑罪从有”太荒唐了，而涉事警方的辟谣，同属“空穴来风”，不过是打脸罢了。
通报称依法对涉嫌参与卖淫嫖娼的违法人员进行传唤询问，网传“抓获1200余名违法人员、扫码超600元遭传唤”等内容属不实信息。也就是说，接受警方传唤的都是有足够证据证明为“涉嫌参与卖淫嫖娼的违法人员”。这种说法与此前媒体报道的情况截然相反。
4月24日，两张有关江苏无锡市宜兴警方扫黄抓获1200名嫖客，在浴室付款超过600元以上人员均需到派出所接受调查的图片被大量转发。
据上游新闻报道，两张热传图片中，一张是发自4月15日的短信消息，发送者自称是宜兴市公安局环科园派出所民警。短信内容显示，因收件人涉嫌嫖娼，对其进行传唤。这条网传短信还公布了派出所及办案警官的地址和联系方式，要验证真伪非常简单，警方既然辟谣，为何不说明是如何证明该短信为捏造的？既然没有任何根据证伪，凭什么说网传内容“不属实”？
另一张热传图片，是社交工具的聊天截屏。该聊天记录称：宜兴地区共抓获1200多名嫖客；并特别提到，被调查的浴室都有付款二维码，宜兴公安局正在核查转账记录，超过600元的全部要求到局里报到，并称这是全国首例。
把在足浴店消费超过600元的人都视为嫖客，一律要求到公安局报到，并称是“全国首例”，流露出不以为耻反以为荣的思想，实在令人错愕。
对于上述网传图片是否属实，宜兴警方于4月24日回复上游新闻记者，证实了两张图片中的部分内容：因部分浴室可能涉黄，警方确实要求消费金额超过600元的人员到派出所报到，但这只是配合调查，（他们）是否有嫖娼行为，会根据证据依法处理。
也就是说，警方已经承认，在“可能涉黄”的足浴店消费超过600元的所有人员，都必须到派出所配合调查。至于是否嫖娼，还没有相关证据。这跟后来警方辟谣称“依法对涉嫌参与卖淫嫖娼的违法人员进行传唤询问”的说法自相矛盾，足以证明真正造谣的是涉事警方而非他人。
在足浴店消费超过600元就涉嫌嫖娼，必须到派出所自证清白，如此疑罪从有不仅与法治精神背道而驰，甚至连“疑罪”都谈不上，完全是毫无根据、蛮不讲理的“疑神疑鬼”。而作为正常消费的大部分人员，却被无缘无故地扣上“涉嫌嫖娼”的帽子，岂不冤枉？此事曝光后，涉事警方不仅承认错误，没有向被误伤者道歉，没有为其恢复名誉，反而为自己狡辩，理直气壮地“辟谣”，如此贼喊捉贼，实在荒天下之大谬。
总之，“足浴店花费超600元涉嫌嫖娼”无疑是胡乱执法、执法违法，为之狡辩、“辟谣”更是对群众智商的侮辱，上级部门应该及时介入调查，还公众及无辜人员一个明白的交代。（文/李蓬国）
作者系媒体评论员，公众号lipengguo123（挽弓搭见ll李蓬国评论）。"
东莞扫黄抓捕真实故事，央视记者冒死偷拍，揭露莞式服务交易全程,https://zhuanlan.zhihu.com/p/613014609,力上,编辑于 2023-03-14 17:09・IP 属地山东,"央视记者在2014年，冒着生命危险去了太子酒店，因为很多人都说太子酒店有违法犯罪的事情，所以记者孤身一人去太子酒店搜集证据，并在衣服的领口安上了微型摄像机。
记者来到太子酒店后，没想到里面的装饰金碧辉煌，他在招待人员的指引下，只能交上700元洗浴费，记者心里知道，如果不这样做，那么必然会受到服务员的怀疑，会被人打死。
记者交了700元洗浴费之后，马上对面来了一个美女，在他耳边窃窃私语，她告诉记者让他先去洗澡，过一会儿会让他体验独特的服务，记者一愣，马上明白是什么意思，他笑着对这个美女说：“好的，我很期待。”
为了不让美女有所怀疑，记者来到她说的温泉的地方，开始泡温泉，还蒸了桑拿，记者换上浴袍来到澡堂的后门，他看到这里已换了新的招待人员，其中一个招待人员把记者带到了隐蔽大厅，从这里记者才看清这家酒店的真面目，一排排身材很好的美女让客人挑选，穿着暴露性感。
记者只能硬着头皮随意挑一个女人了，如果不这样做，就会引起服务人员的怀疑，让自己陷入危险之中，记者终于给警方留下宝贵影像资料，这是拿命换来的。
太子酒店还有更疯狂的事情，那就是裸女选秀玩法，在一间透明的玻璃房，里面会有2个舞女，在玻璃房里跳着艳舞，身上的遮挡物就是一个号码牌，而在玻璃房周围都是挑选美女的客户，凡是被挑中的美女，客户与美女会走入私密房子里。
如果挑剔的客户对眼前的美女不喜欢，那么会继续上来新的美女让客户挑选，让记者万万没想到的是，还有外国女人站在台上让客户挑选，这些女人就是商品，供客户挑选，这些女人根本就没有尊严！
这些有钱的老板就是喜欢到太子酒店选美女，那么太子酒店也赚了不少钱，但毕竟这些是违法犯罪，等待的只有灭亡。
记者提供出证据后，警方在2014年2月9日，央视曝光了东莞的太子酒店犯罪行为，警方马上进行抓捕，6000多名特警，上百辆装甲车开始行动，一起捣毁了最大的太子酒店，警方对各个场所进行检查。
警方不仅仅对太子酒店里的违法人员进行抓捕，还对周围的娱乐场所进行大检查，共抓捕上百人，玩家也有上百名，太子酒店的老板梁耀辉也成了臭名，被判无期徒刑，真是让人大快人心。
力上
4 次咨询
5.0
山东泰安烟草有限公司新泰营销部 员工
3318 次赞同
去咨询"
靠在线逮捕LSP收获千万粉丝的民警，见证了大保健行业的百态人生,https://zhuanlan.zhihu.com/p/488743134,游民星空,发布于 2022-03-28 10:07,"最近，我发现了一个宝藏up主，经常出一些紧张刺激的探店小视频，专门造访按摩房、洗浴中心、KTV这种不三不四的地方，内容也劲爆到了打码才能过审的程度——没错，就是你想的那种。
不过我劝各位LSP不要有什么大胆的想法，因为这位up主叫阿特，是个警察，人家是去扫黄的。
孝警阿特，在线扫黄
阿特本名陈特，是湖北孝感市的一位民警，他经营的抖音号“孝警阿特”，主要记录当地警方的出警现场，其中播放量最高的一类，就是扫黄。
阿特的到来，往往会给这些披着各式伪装的凤楼带来一阵鸡飞狗跳。如果客人的手不够快，可能会出现民警都进来了，裤子却没穿好的尴尬情况，说起话来也没有底气，甚至有人还没问三两句话就自曝，连隔壁一起来的好兄弟都供出来了。
也有些不见棺材不落泪的硬气老哥，哪怕那个陪他玩浴衣PLAY的女技师就站在门口、润滑油都被翻出来了，还一口咬定自己是良民。
当然，也有一些凤楼提前设置了预警机制，低配版是楼道里大声咳嗽的保洁大妈，高配版是分布在各个房间的报警器，前台的人看到警察上门一按按钮就能通风报信。更有甚者直接在楼里修密道和暗门，直接通向周边的小区，方便在危急关头能够溜之大吉。
阿特就曾因为没有趁手的破拆工具，找到暗门后没能及时破门吃了亏，跑得只剩下一个嫖客。不过从杂乱的现场来看，想必那些女技师逃跑的时候也是相当狼狈，一路丢盔弃甲，浴巾、假睫毛等装备爆了一地。
相比之下，在搜捕那些毒贩、瘾君子时，阿特一行人的阵容就要豪华得多，不仅人数多，警备的级别也更高。阿特往往要掏出电击枪四处搜点，抓到一个就得按住从头到脚摸一遍，以防掏出凶器伤人。
这些瘾君子为了躲避执法也动了不少歪脑筋，经常把自己的装备藏到各种奇奇怪怪的地方，比如洗手间的天花板上、马桶的水箱里。还有人直接在窗户边上嗑药，发觉不对劲就往楼下一扔。不过对于阿特这个用肉眼就能从毒品的颜色看出纯度的老油条来说，这些小伎俩还是太嫩了。
阿特的业务范围非常广泛，还端过电信诈骗窝点，驱散棋牌室里聚众赌博的人群，在路口查酒驾、抓违章。在这些五花八门的案子中，有个贯穿始终的主线任务——抓粉丝。
说来也邪门，无论是扫黄、缉毒、抓赌、反诈，被按在地上的一群人中总能找到阿特的粉丝，把严肃的抓捕现场搞成一场让人哭笑不得的粉丝见面会，在场迷弟可以享受阿特亲手扣上玫瑰金手铐的特殊待遇。有个扫黄被抓的粉丝还曾在镜头前悔罪，称自己一时被色心蒙蔽了头脑，被抓之后又喜又悲，喜的是见到了阿特真人，悲的是自己被抓了，让各位观众千万不要学他。这种大水冲了龙王庙的情况多了之后，连阿特都在自嘲，自己不是在抓粉丝，就是在去抓粉丝的路上。
自带抓粉丝BUFF的阿特给评论区的网友造成了极大震慑，尤其对那些声称只跟赌毒不共戴天的LSP，生怕哪天一时冲动，被按在地上的人就成了自己；而那些女网友则纷纷在这些扫黄视频下艾特自己的男朋友，敲山震虎，警告男朋友要恪守夫道。
阿特的网红之路
这个阿特似乎什么案件都办，他到底是什么警种，怎么管这么宽？
其实，阿特是宣传民警，一般不负责某个具体的案件，但他会和一线民警一起处理各种警情，并把执法过程记录下来，发到网上起到宣传教育作用。
与抖音快手上那些因为某些莫名其妙的梗就一夜爆火的网红不同，阿特是靠一个个小视频积累经验，逐渐变成几千万粉丝的大网红的。
从警校毕业后，阿特就被分配到了宣传科，早些年以图文的形式进行宣传工作，如今能在网上找到他画过的漫画。在接触到短视频之后，他注册了抖音号，开始在这个领域发力。
高情商地说，阿特早年间的短视频在许多方向上进行了探索，积累了经验；而低情商的说法是：阿特早些年的视频现在看来大多都成了黑历史，有许多都是花样百出的土味小剧场，多么正能量的内核也遮掩不住演技的浮夸和让人脚趾抓地的尴尬。
孝警阿特早期作品
包括这些黑历史小剧场在内，阿特尝试了多种视频形式，有照本宣科的主旋律宣传，也有一些吐槽各式违法行为沙雕段子和偷窃或者车祸现场的录像剪辑，还曾以说书的形式讲述一些孝感当地的案情。
阿特第一个称得上火的视频是在采访交警时，偶然间发现了一辆市价几百万的宾利，结果一问才知道这是辆山寨套牌车，只有发动机是真的，从外观到内饰都是满满的塑料感。恰逢当时在抖音说车的视频火了不少，阿特就拍了个视频介绍了一下这辆车。没想到网友们对警察评水车还挺感兴趣，于是他一连出了好几期水车视频，在结尾还贴心地告诉观众买卖这些走私车、改装车的风险、能判多少年等以身试法的必备知识点。
在阿特说车火了以后，阿特不想在做车评这一棵树上吊死，做了一期抓捕电信诈骗团伙的出警视频，从此开启了自己的抓粉丝生涯。起初，有些部门对把抓捕过程做成短视频发到网上还是有些顾虑，担心走漏风声影响案件的侦破，但在看到这些视频的宣传效果后也逐渐愿意配合。
这些宣传效果中最突出的一个，是粉丝们向阿特举报的大量线索。阿特靠粉丝们提供的信息，建立了一套“粉丝天眼”举报系统，将这些消息送到对口部门进行调查，等到收网时他再将案件的抓捕过程当成新素材进一步扩大知名度，吸引更多粉丝进行举报，就此形成了一套可持续的抓粉丝闭环。截至目前，阿特已经靠粉丝天眼抓捕了331名嫌疑人。
粉丝举报抓粉丝在阿特这里是常事
阿特跑一线警情时往往很急迫，很多时候是相关单位提前半小时或一小时才通知到他，所以总是提前把一套装备齐齐整整地穿在身上，从便携摄像头到防刺服、电击枪一应俱全，就是为了能应对从闹事小青年到吸high了的瘾君子等各种情况，用阿特自己的话说，就是“你永远不知道下一面墙后有什么”、“只有民警不倒下，才能保护好群众的生命财产”。
结语
作为一个宣传民警，阿特凭借自己在短视频领域坚持不懈的探索，创作了一系列既有宣传价值，大家也喜闻乐见的视频，为我们打开一扇窗户，看到了民警日常真实的工作状态。
虽然最终成了网红的是阿特，而他视频里的那些案件，大到违法犯罪，小到家庭矛盾，都不能只归功于某个人。毕竟现实中警察办案不是推理小说，一个天降神探就能把所有问题都搞定，从接警后研判线索，到确定嫌疑人，再到最后实施抓捕的工作量远非个人能够完成的，有时还得是由多个部门，甚至不同地区的警方协作才能解决。
因此，我们在镜头前看到的那个给嫌疑人带上手铐的主角阿特背后，是无数不辞辛劳、直面危险维护公众安全利益的人民警察。就像阿特在自己工作室墙上写的那样：我们也是肉体凡胎，但身披警服，我们就必须竭尽所能。"
“管”和现代,https://zhuanlan.zhihu.com/p/429515497,汉之声专用号,发布于 2021-11-04 21:05,"不出所料，我原本打算借怀念李回顾一下中国思想史的想法再次失败了，知乎发不出来，所以只能写点风月了。
不过说真的，在民族主义者看来，把整个1840以来的中国思想史讲清楚可能也就万把字数，各派系的立场/想法/支持者/演变居然能用这么一点字数讲完，确实说明了中国的事情没什么复杂的，简单的让人发笑。
那么我们就索性讲讲蓝鸟禁黄这事。蓝鸟禁黄本身和汤不热扫黄一样，都是企业家迫于压力的结果。我们都知道，情色内容本身是吸引消费者的重要手段，对一个一切围着利益转的企业家来说，他肯定心里是喜欢这些内容在自己的平台上流行的。封禁是他们迫于外部压力，迫于政治正确的无可奈何之举，而不是讨好他们的核心消费者去洗粉—要是女性居多的微博这么干，那还勉强能这么解释。
至于压力来自谁呢？有些人认为是“保守派”，他们的理由是保守派过去在性上奉行保守主义，不愿意看到推上黄色横行。难道几十年前不是嬉皮士们滥交，而保守派痛斥电视和游戏的色情内容教坏小朋友么？也有些人认为是左翼，因为左派反对“物化女性”，反对“男性凝视”。今日的右派不会排斥香车美女了。
要我说，后者更有道理，但前者也并非完全错了。1，左右两边的立场会变化。左派可以以前支持性解放，今天支持头巾。2，真正问题在于弄懂“左右”的本质。
我一向有个观点，就是“后现代=前现代”，除了现代就是非现代，非现代本身都是“现代”的对立面。而什么是“现代”呢？举个例子，19世纪的法兰西共和国和今天的塔利班，这就是现代和非现代的区别。现代就是法无禁止即可为的自由被充分保障的社会，换句话说，就是一个“管”比较少的社会。与之相对应的，就是一个由某个严密的小团体—通常是宗教/意识形态/外族组成的群体，对社会严密监视，政府到处“管管”的社会。
如果你拿“管管”这个标准去衡量，那么你确实可以认为今日在推特扫黄的是左派。他们现在确实是时刻提倡干预，无时不刻没在呼唤政府的公权力，干涉自由选择的权利。企业内要有种族配额，需要“管管”。政府内需要按性别分配名额，需要“管管”。扫黄是因为这是男凝，需要“管管”。否则就是对女性的无形压迫。没有“管管”这个思想，就没有推特扫黄。
我想提醒读者们注意，“管”这个动作，本身是一种政府行为，而不只是通过社会舆论自发的猎巫。举个例子，阿姆斯特丹的红灯区后来是如何“管”起来的？一个女性政客上台，她认为红灯区和性交易损害了女性人权。可以这么说，以公权力介入，改变人世的堕落，制造迷你人间天堂，“改造”—或者说“管”他们眼里庸俗的人类社会，这就是今日的左派的核心思路。而在禁黄这个事上，这无非是一个西方版的“移风易俗”，“消灭落后土葬”罢了。
有人说，那你如何解释过去欧美左翼追求性解放和性自由的问题呢？
很简单。“管”是一种政府行为，是呼唤有形之手改造人类社会建设人间天堂。而昔日左翼的“解放”，针对的是人的社会习俗本身，恰好是“改造”和“不服从”人类社会的行为。秦晖看到了“进步知识分子”憎恨家庭包办婚姻，嫁给门当户对的人。然后跑到延安被组织包办婚姻嫁给老干部。但他没想明白这根本不违背20世纪以降左翼的思维方式。“家庭包办婚姻”是社会的习俗，是人类的自发行为，而“组织包办婚姻”是有形之手的改造，后者在20世纪以后左翼或者说社会主义者话术里天然正确。
换句话说，所谓“管”的意思，翻译一下就是“人类社会自发形成的规矩是压迫的，我们的主动干涉是正当的，高尚的”。“在法兰西共和国，我们要践踏资本主义社会形成的社会风气和习俗，所以我们要滥交。表达对“人”的规矩的反抗。在苏联，我们要严格遵守组织安排，因为这是“神”—先锋队这个现人神的人工秩序。”
“不黑不吹”的意思是说“吹”本身不道德么？并非如此。“不黑不吹”的意思是吹黑正当，吹黑以外的可耻。不黑不吹的另一层意思是“黑在这，你不吹，你同样可耻。”秦晖错的最根本的地方就是在于他作为老社民（老社民本能的有民族情绪，也本能的热爱自由）理解错了真正的左翼—社会主义者追求的东西。他们并不反对包办婚姻，并不反对奴役，反对的只是不出于“理性”这尊“神”之手的奴役，他们反对自由，因为自由是“腐朽堕落的人”的秩序。
说到这里，我想你们应该也能理解我的意思了。
如果在18世纪，我就是一个当时的左派。因为我热爱自由，我反对政府和教会对“人”本身的奴役，我赞同人在公权力控制以外通过自发形成的社会风俗和道德。而当时的“保守派”，保的就是神权，教会和国王对社会的控制。
如果在19世纪末，那我一定是个右派。因为从“现代社会”大获全胜以来，“管管”们就摇身一变，以左派身份出来支持对社会的控制了。“进步”与否根本是个伪命题，有的只有对“现代”的支持和反对罢了。支持塔利班和支持红色高棉又有什么区别呢？他们都是对社会的高度控制，都是在制造“天堂”。
熟悉《共产党宣言》的，可能会很好奇，为何全文1/4的章节都在指责“封建社会主义者”？为什么支持保守贵族的人摇身一变就会去支持“激进”的社会主义呢？
因为说到底，本质上他们的诉求别无二致。他们指责的都是“人世”秩序不如天国，需要将人世改造成天堂。如果更庸俗的说，那就是以前贵族的客卿在一个全民得到自由，由市场决定自身价值的社会和时代，渴求被包养，希望进入“文联”。
从这个角度来说，我们也很容易理解，所谓“封建残余”到底是怎么来的。并非是“残余”，而是本来就是这个样子，本来就是他们追求的东西，本来就是“天国之路”的镜子，映出了天国之路的本质是什么，仅此而已。"
2014年东莞扫黄事件带来的利弊和夜幕下生活,https://zhuanlan.zhihu.com/p/604574446,春华秋实,发布于 2023-02-08 17:30・IP 属地江苏,"2014年3月，东莞二手房的交易房源同比增长了30%，而成交量同比却下降了30%。交易房源的地段基本处于大型酒店附近。“在这30%里面，小姐的置业房产占到了差不多15%。”
2014年之前，“簧.色”是东莞的头号难题。
2014年之后，如何让去掉“簧.色”的东莞实现经济复苏，成了东莞更大的难题。
在我招手之前，环宇已经空车转了好几个街区了。
3月5日，午夜的东莞南城。环宇是一名出租车司机，在这座城市呆了五年。
环宇载着我，亮着“空车”灯，又去东城、莞城、厚街的商业街区逛了一圈，依然没有人叫车。街上偶尔有三三俩俩的男男女女，他指着他们说，“看，连穿.衣.服都比以前.正.经.多了。”
一年前，这座城市此时的夜生活才刚刚开始。环宇只要把车停在随便一个酒店门口，然后关掉发动机，半躺在座椅上等着酒店出来的人敲窗便可。
“一个酒店至少可以养活十几辆车。”环宇所谓的养活，就是至少可以让他们每辆车每晚上赚300元以上。“都是拉的.小.姐.和.客.人。”环宇抱怨道，“现在人都没了，100块都拉不到。”
距离东莞扫簧过去整整一周年，出租车仅仅只是东莞经济下行的一个缩影。扫黄后遗症，正在波及更多此前依附于.情.色.产.业链条上的行业。情.色.业.的发达，也正是这座城市异化繁华的一个表征。

● ● ●
城市的底色
在东莞5年，环宇从来没有感觉这么糟糕过。
2014年2月9日，春节假期后上班的第二天。中央电视台的记者到达这座以制造业闻名的城市，暗访了镇街的多个星级酒店。这些画面最终在央视播出时，纷纷被冠以“东莞酒店涉.簧”的标题报道。
小杰在手机上看到这组报道时，他正在包厢里给客人倒酒。客人则把点好不久的.小.姐.搂.在.怀.里，窃窃私语，即便是偶尔举杯之余，手.也.几.乎.一.直.在.小.姐.身.上.游.离。
酒店里，小.姐.一般会被分成三个等次，像流动的商品一样，一个批次十个的进入.房.间.供.客.人.挑.选。
小杰是东莞一家星级酒店的销售经理，负责在酒店里给客人推销酒水。在行内，人们都称他为“少.爷”。他是属于那种只陪酒不出台的“少.爷”。他并不担心自己所在的酒店被查。他只是觉得这“又是一次例行的程序扫簧”。
“每年春节前后，就是到了走程序的时候。”小杰说，“事前都会有人过来通知，让暂时停两天。”
他原先只是这家酒店的安保人员，负责看场。一旦有人过来砸场，他和他的同事们就得以血肉之躯抵挡。但他总觉得发展不好，没有什么前途。“很闲，闲得没有办法去打发时间了。”
“一定要做一个有前途的工作。”这是小杰的想法。他申请调去做营销工作。此后，每个夜晚降临的时候，他就穿着黑色西装，体面地穿梭在酒店的各个包厢。然而，当进入房间后，他是一点体面都没有的——“说白了，就是给客人戴高帽的人，把自己的尊严都去掉。”
在包厢里，他见着了外面世界从不曾见过的奢侈。他见过一次客人在里面最高的消费是80多万，最后都以吃饭的名义开发票走.假.账。
“一盘白菜85了，一瓶酒几万，就这么开。”
每个月，他都能轻轻松松地赚至少一万块以上，可他的身体也被轻轻松松搞垮了。“刚来的时候喝酒不是很厉害，现在啤酒可以喝三打（一打十二瓶），白酒可以喝上三斤。”直到现在，他的胃还经常疼。
2008年，小杰第一次到东莞。这座城市的底颜——“簧.色”已成为很多人认识东莞的第一窗口。上出租车后，小杰让师傅带他去一个好.玩.的地方。师傅说好玩的地方多了去。小杰不知，随口问了一句“什么.好.玩.的？”师傅回了他一句2012年经由网络才流行起来的语言——你懂的。小杰本只想去一个唱歌的地方，出租车师傅却把他带到了一个洗桑拿的酒店。
在东莞，出租车师傅给酒店带客，是一种很常见的合作方式。在行内，他们称这种客人为“大鱼”。环宇也曾是小杰所在酒店的外包出租车师傅之一。

● ● ●
午夜出租
环宇刚到东莞开出租那年，这种合作还得通过中介——加油站来完成。一些酒店的营销经理为了更好推销酒店的服务招揽客人，就去加油站请工作人员帮忙向过来加油的出租车司机介绍带客。司机每帮酒店带一个客人，回报就是能在加油站领两升加油券。
后来，竞争激烈，酒店直接跑到加油站，给出租车司机发联系卡。“有时候加一次油，最多能收到三四家酒店的联系卡。”环宇说。
酒店之间为了竞争，也会抬价，给出租车司机的回报从60到100元不一。从2012年以后，给酒店带客也基本形成了“行价”：一个客人200元。这个收入几乎占夜班司机收入的一半。
“给酒店带客的收入，一个月平均差不多有二千块左右。”环宇说。“我们在酒店里地位是很高的，带客人过去，饮料、水果都得免费给我们吃的。”
彼时，想在东莞开出租车，除了按月交份子钱，还得额外一次性交几万元不等的“茶水钱”。尽管如此，愿意干出租的人还是排长队。
“那时候钱好赚，拉.上.小.姐，她们给钱也大方。”小.姐.给钱虽然大方，但也偶有风险。环宇说，他的一个老乡，拉了一个.小.姐，就因为对方怀疑老乡绕了路，叫来一帮小混混，把他老乡狠狠打了一顿，至今仍是.残.疾.人.士。
不过环宇还是很大度，“小.姐.在客人那.受.了.气，发.泄.到我们身上也可以理解，我们.忍.受.一.下.就.好.了。”
在2011年之前，出租车午夜之后只能停在自己花钱承包的酒店门口。每个酒店的拉客外围都会由十几辆出租车共同承包，向酒店方交纳一定的承包费。如果不在承包之内的出租车到酒店门口.拉.客，轻则警告，重则砸车。
午夜，正是每晚出租车生意最好的时候。环宇说，此时.小.姐.大都会中场休息，出去买个宵夜或零食吃。下一波生意就得等到凌晨三点——小.姐.下班的时间。“一个晚上可以拉十几个.小.姐。基本就守在酒店附近，不跑空车去外面.拉.客。”
3月5日，要不是拉上我，环宇已经准备回出租屋休息了。他打算把已经签车的合约开满，就回湖北老家陪老婆孩子。他勾指头算了算，离回家的日子还有37天。
“现在街上连个鬼都没有，大部分车在十一点左右就回家休息了。”
● ● ●
卖不掉的.避.孕.套
环宇开夜班车，基本处于“开一天亏一天”的状况。“一个月的收入比以前少了4千块钱左右。”这个收入，在扫簧之前基本上是他每个月开出租的纯利润，如今一下子都没了。
扫簧整整二个月后，时任东莞市长袁宝成在接受央视采访时，再次重申：扫簧不会影响东莞经济。我把袁宝成的话复述给环宇听，他嘿嘿笑了一下。
在2014年的两会上，有记者问袁宝成扫簧对东莞经济是否有影响。他没有回答，也是嘿嘿一笑。后来，在接受央视采访时解释，他并没有嘿嘿，是记者虚造了这一情景。
不过，在扫簧之后的两个月内，的确对他们的影响不大。小杰说，那时候酒店和.小.姐.都处于观望状态，选择暂时呆在东莞。央视播出暗访视频的第二天，东莞官方高调宣布进行三个月的严厉治簧。当天，有人做了一张东莞8小时人员外迁图。
”那天走的根本就没多少.小.姐，走的都是准备在东莞好好.玩.一.下.的.客.人。”小杰说。
刚开始，酒店一则觉得此治簧风暴会很快过去，二则觉得小.姐.如果就此散了，如有.客.人.来，不好招待。便给.小.姐.放了一个月的假，允许他们在东莞周边散心，以求随叫随到。一个月后再见势说话。
小杰认识的一位.小.姐.告诉他，她自己选择暂时留莞的原因，主要是怕一扫簧就回家，很容易暴露自己的身份。
在酒店旁边开便利超市的卡平也觉得，扫簧后的两个月之内，对生意还没有多大的影响。他经常看到那些以前在.酒.店.上班的.小.姐.依然在.酒.店.出没，只是穿着比扫簧前保守。
有时候，她们也会到卡平的便利店，大包大包的采购日用品和零食，以保证呆在家中几天不出门，也有足够的干粮。
“那时候每个月的营业额平均在11万元左右。”卡平说，他营业的是一家24小时便利店。在东莞像这样的便利店，大概有六千家左右，地址几乎都选在酒店附近。
扫簧对一些行业的实质性影响，是从4月份开始的。3月中旬左右，酒店老板见恢复营业无望，便解散酒店其下的200位.小.姐，让她们各奔东西。小杰也在此时转型，去了一家快递公司。
此后，东莞的多家酒店干脆重新装修，改成了写字楼。
4月上旬之前，有半个月的时间，环宇总是能载着几个拉大皮箱的姑娘，几乎都是去往车站。环宇明白，他拉的那些姑娘，基本都是.小.姐。

● ● ●
最早感受到扫簧后遗症的是房产中介。在一家房产中介上班的曾代说，进入3月下旬后，集中爆发了一波退房潮。主要都是小户型的单身公寓和酒店式公寓租客。“过来的大部分是姑娘，她们过来就说房子不租了，基本不关心租金能不能退。”曾代说，“可能她们平时上班的地方比.较.开.放，所以回家后需要更多的.私.密.空.间。”小杰也说，小姐很少有几人一起合租房子住的，基本都是一个人租个小户型。
此后，东莞二手房的交易房源同比增长了30%，而成交量同比却下降了30%。交易房源的地段基本处于大型酒店附近。“房主见这样下去房子也没那么容易租出去了，就觉得还不如拿到市面上来套现。”一位房产分析师说，“而在这30%里面，小.姐.的置业房产占到了差不多15%。”
那时，一则微博在网络上疯传。内容大致是：90年代初东莞扫簧，几天内所有各储蓄所现金被提空，银行出现挤兑。后来再扫簧，公.安.都得先通知银行备足现金。这则微博调侃的成份居多，但也有部分写实。小杰说，扫簧后，酒店.小.姐.最先考虑的就是钱能不能取出来。
广东一位经济学家此前在接受媒体采访时称，色.情.业.在东莞带动的消费一年大概有500亿元，占到东莞GDP的十分之一左右。随后，东莞市长袁宝成反驳了这个说法。他说，“我们有个统计口径是占经济总量的1.5%。2013年，东莞GDP为5500亿元。”
送走.小.姐.后，环宇发现基本上拉不着客了。
这是东莞8000辆出租车的整体感受。于是，四月下旬，东莞出租车整体闹了一次大罢工。经过几天的谈判，东莞官方同意，每个月为每辆出租车减少份子钱1250元。
在司机闹完罢工之后，卡平发现他的便利店每天的收入直接减少了一千多。“到了5月底我算了一下，一个月的营业额少了三万多，这些商品基本都是.小.姐.和.客.人.喜欢消费的东西，比如烟，零食。”
最直接的影响则是.避.孕.套.的销售。扫簧之前，一天最高可销售13盒.避.孕.套，扫簧后，销售几乎为零。这种状况，一直持续到现在，依然没有回暖的迹象。
● ● ●
面子和里子
尽管东莞政府给出租车减少了份子钱，依然有很多人不愿租车。
环宇说，自6月份以后，东莞至少有500辆出租车处于闲置的状态。出租车公司的人也经常会打电话给他，让他帮忙介绍老乡过去租车。“介绍有个什么用啊，又赚不到钱，还不是免费给出租车公司的人打工。”环宇抱怨道。
1978年，港商在东莞虎门镇办了全国第一家对外来料加工厂——太平手袋厂。从此，开启了东莞著名的“三来一补”经济模式。此后，随着深圳产业的转型升级，大量的制造业流入东莞，以此奠定了制造业之城的基础。大量的外来人口涌入东莞，丁平就是最早一批进入东莞务工的人员之一。
打工有了一定的积蓄后，丁平在厚街的一家星级酒店边上开了一家小美容美发中心。在服务业最繁荣的那些年，这样的美容美发中心多得数不过来。这些美发中心基本上是.小.姐.上班前的中转站。
每晚的5至7点钟，小.姐.会走出出租屋，叫上一辆改装过的脚踏车，坐在后座的黑皮垫上，驶向上班酒店旁边的美发中心。丁平说，一般.小.姐.都图省事，会自带化妆品过来叫工作人员替她们化妆，出门就往酒.店.上班。
当然，小.姐.是不能走酒店大门的，“老板怕不吉利。”
丁平说，他的店一晚能接待至少30位.小.姐.化妆，收费一般每位20元至40元不等。扫簧后，光这笔收入，他每个月就减少了3万多。他的一位朋友，最多时开了18家美容美发中心，如今，只剩下了2家还在苦撑。
“小.姐.至少把东莞五分之二的人带走了。”丁平说，他另外一位朋友开的一家餐馆，每个月的营业额也少了2万多元。
东莞.情.色.业的发展，几乎跟它的工业化是同步的。如果说制造业是东莞的面子，那么，情.色.业.就是东莞的里子。
“深圳属于经济特区，广州属省会城市，它们的一举一动都为世界关注，在这些地方大规模发展.色.情.业.无异于走钢丝。而邻近的其他城市，要么是经济总量不足，要么就人口特点不如东莞，对嗅觉灵敏的商人们来说，似乎总少了点吸引力。”此前有媒体这样分析东莞.色.情.业.壮大的原因。
显然，除了地理因素之外，制造业的基础和全国各地过来的流动人口，也为.情.色.业.的发展提供了最好的保障。用工业式的程序，重新定义了服务的标准，称为“莞.式.服.务”或是“ISO服务”，而一千多万的流动人口，不仅为“莞.式.服.务”提供了消费者，也提供了被消费者。
ISO，这本是一个工业产品认证的标准，被移嫁到了这里，以严谨和认真，向外界展示一个全新的服务标准。
陈东第一次出差广西，在一家酒店客房的纸本上看到“提供.正.宗.莞.式.服.务”几个字时，还不明白意味着什么。直到多年后，他到东莞，开了一家小诊所，接触了众多的.情.色.业.的服务者，才真正明白这是什么意思。
这些.情.色.业.工作者，大部分一开始跟丁平一样，原是工厂的工人。流水线上的青春终究是廉价的，终有人不甘心就这么让青春成为流水线上的一道工序，她们前赴后继地走出工厂，走向.酒.店。
当然，她们也不可避免地走进医院。陈东说，小姐会经常去诊所治疗，“都是一些女生常见的妇科病。”“她们也不会跟我掩饰身份，经常过来看病，也有很熟悉的。”陈东说，小姐总是久病成医，想在用药上欺骗她们，基本上不可能。
扫簧之前，陈东诊所每天的收入大概一万元左右，扫簧之后，每天的收入只有6千左右。按此计算，陈东诊所的营业额一年要减少一百多万。
现在的东莞“萧条得好像被风吹了五千年”，应该是全中国最干净的城市。"
灵魂拷问：“看片”违法吗？,https://zhuanlan.zhihu.com/p/379792792,阿琛说法,发布于 2021-06-11 09:29,"导读
前天，“阿琛说法”发布了一篇文章：
个别读者读过后问到，如果自己“不小心”看到了网上流传的不雅视频，是否违法呢？
近来，网上“大瓜”频现，荤素皆有。通过网络的快速传播，“不小心”看到“荤瓜”的吃瓜群众应该也不在少数。
考虑到这可能是许多读者的共同疑问，故单辟此篇，咱们来认真聊聊——“看片”违法吗？
先给结论：
1.个人欣赏不违法
2.组织播放就违法
3.制作、运输、复制、出版、贩卖、传播也违法


01案例导入
从案例入手，大家可能更感兴趣。现实生活中有没有“看片”被抓的呢？
还真有，且看以下两个案例：
延安夫妻在家看黄碟被抓一案
2002年8月18日23时许，陕西延安市万花派出所警察接到群众举报称一居民在家看黄碟，派出所4名警察前去调查。当警察闯进该居民家中时发现，房间内只有一对小夫妻，电视机也已关闭。
警察表明身份，要求夫妻拿出黄碟，小夫妻拒绝，双方还发生冲突。警察将丈夫摁倒在床，然后以妨碍执行公务为名，将其带回派出所。次日，在缴纳了1000元暂扣款之后，丈夫被放回家。
10月21日，丈夫又被警方以“涉嫌妨害公务”刑拘，但检方以“事实不清，证据不足”为由不批准逮捕。丈夫总共被关了16天，1000元暂扣款也获返还。
此案轰动全国，一些法学专家还专门针对这一恶劣侵权事件组织讨论。迫于舆论的压力，延安市宝塔区政法委书记、政府办公室主任、信访局局长专程向张秋林夫妇赔礼道歉，并补偿近3万元。
宜宾男子下载黄图被罚一案
2010年2月26日10时许，宜宾市公安局网监支队、南溪县公安局网监大队联合侦办组的案侦警察敲开了宜宾南溪县城区杨化军（化名）的家门。警察对杨化军家的一台笔记本电脑和一台式电脑硬盘进行了检查，查出大量从网络下载复制的涉嫌淫秽色情视频文件39个（约7G），淫秽黄色图片526张（约80M）。
南溪县公安局网监大队大队长刘应南表示，鉴于嫌疑人杨化军在家观看淫秽物品，并未向外传播，且没有以此作为牟利的工具，根据1997年由公安部发布实施的《计算机信息网络国际联网安全保护管理办法》有关规定：任何单位和个人不得利用国际联网制作、复制、查阅和传播淫秽、色情信息，网监部门对嫌疑人杨化军处以警告及罚款3000元的处罚。
此事经媒体报道后引发舆论关注，南溪县公安局高度重视，立即进行了复查。经复查认为，对杨化军的处罚适用法律不当，已于3月24日对杨化军作出了撤销原处罚的决定。
因为“看片”被抓的案例在实践中还有一些，不过这类案例一旦被互联网曝光后，往往很快就会被纠正，官方可能还得赔礼道歉，相关责任人可能还会受到内部处分。
为啥呢？因为“看片”本身不违法，仅因为别人“看片”而抓人，于法无据。


02个人“看片”不违法
法无禁止即自由。在我国目前的法律、行政法规中，并没有明确禁止个人“看片”的法律规定。
这里可能存在争议的是公安部于1997年颁布、2011年修订的部门规章《计算机信息网络国际联网安全保护管理办法》（下称《管理办法》）第5条和第20条的规定：
第五条　任何单位和个人不得利用国际联网制作、复制、查阅和传播下列信息：
…
（六）宣扬封建迷信、淫秽、色情、赌博、暴力、凶杀、恐怖，教唆犯罪的；
…
第二十条　违反法律、行政法规，有本办法第五条、第六条所列行为之一的，由公安机关给予警告，有违法所得的，没收违法所得，对个人可以并处5000元以下的罚款，对单位可以并处1.5万元以下的罚款；情节严重的，并可以给予6个月以内停止联网、停机整顿的处罚，必要时可以建议原发证、审批机构吊销经营许可证或者取消联网资格；构成违反治安管理行为的，依照治安管理处罚法的规定处罚；构成犯罪的，依法追究刑事责任。
关于《管理办法》的适用，需要注意以下几点：
1.《管理办法》属于部门规章，其效力在法律和行政法规之下，《治安管理处罚法》属于法律，是《管理办法》的上位法。《治安管理处罚法》第68条禁止“制作、运输、复制、出售、出租”淫秽物品和信息，但是并未禁止“查阅”，也就是说，《治安管理处罚法》并未禁止个人“看片”。根据上位法优于下位法的原则，应当优先适用《治安管理处罚法》。
2.《管理办法》最新修订于2011年，而《治安管理处罚法》最新修正于2012年，因此《治安管理处罚法》属于“新法”，根据新法优于旧法的原则，也应当优先适用《治安管理处罚法》。
3.《管理办法》第5条虽然禁止“查阅”宣扬淫秽、色情的信息，但是如果要对违反第5条行为进行处罚的话，根据《管理办法》第20条的规定，该行为还须“违反法律、行政法规”。而在当前的法律和行政法规中，个人“查阅”淫秽、色情信息并不违反法律和行政法规的规定，因此，即使行为人违反了《管理办法》第5条“不得查阅宣扬淫秽、色情的信息”的规定，也无法作出任何处罚。
综上所述，个人“看片”属于私人自由，不违反法律、行政法规的规定。


03组织播放就违法
“嘿，哥几个儿，我最近找了一个新片，贼刺激，大家一起看啊！”
不好意思，如果你们真的一起看了，那你就违法了。
根据《治安管理处罚法》第69条的规定，“组织播放淫秽音像的，处十日以上十五日以下拘留，并处五百元以上一千元以下罚款”。

有人说：“我自己不看，我就为他们提供‘看片’的场地，这也违法么？”
对，这也违法。
根据《治安管理处罚法》第69条第2款的规定，“明知他人从事前款活动，为其提供条件的，依照前款的规定处罚”。

组织“看片”不仅可能受到行政处罚，情节严重的还涉嫌刑事犯罪。
如果你“组织播放淫秽的电影、录像等音像制品达十五至三十场次以上或者造成恶劣社会影响的”，那就恭喜你，喜提刑事罪名——组织播放淫秽音像制品罪。
《刑法》第364条明确规定，“组织播放淫秽的电影、录像等音像制品的，处三年以下有期徒刑、拘役或者管制，并处罚金；情节严重的，处三年以上十年以下有期徒刑，并处罚金”。
至于入罪标准，根据最高人民法院《关于审理非法出版物刑事案件具体应用法律若干问题的解释》（1998年12月23日起施行，以下简称《非法出版物刑事案件解释》）第十条第二款的规定，“组织播放淫秽的电影、录像等音像制品达十五至三十场次以上或者造成恶劣社会影响的，依照刑法第三百六十四条第二款的规定，以组织播放淫秽音像制品罪定罪处罚”。


04制作、运输、复制、出版、贩卖、传播也违法
我们先看看法律规定吧：
《治安管理处罚法》
第六十八条 制作、运输、复制、出售、出租淫秽的书刊、图片、影片、音像制品等淫秽物品或者利用计算机信息网络、电话以及其他通讯工具传播淫秽信息的，处十日以上十五日以下拘留，可以并处三千元以下罚款；情节较轻的，处五日以下拘留或者五百元以下罚款。
《刑法》
第三百六十三条　【制作、复制、出版、贩卖、传播淫秽物品牟利罪】以牟利为目的，制作、复制、出版、贩卖、传播淫秽物品的，处三年以下有期徒刑、拘役或者管制，并处罚金；情节严重的，处三年以上十年以下有期徒刑，并处罚金；情节特别严重的，处十年以上有期徒刑或者无期徒刑，并处罚金或者没收财产。
第三百六十四条　【传播淫秽物品罪】传播淫秽的书刊、影片、音像、图片或者其他淫秽物品，情节严重的，处二年以下有期徒刑、拘役或者管制。

制作、复制、出版、贩卖、传播淫秽物品的行为本身就违反了《治安管理处罚法》。
但是，要构成制作、复制、出版、贩卖、传播淫秽物品牟利罪，必须具备“以牟利为目的”，同时符合司法解释——最高人民法院、最高人民检察院《关于办理利用互联网、移动通讯终端、声讯台制作、复制、出版、贩卖、传播淫秽电子信息刑事案件具体应用法律若干问题的解释》（法释〔2004〕11号，以下简称《淫秽电子信息刑事案件解释（一）》）和《淫秽电子信息刑事案件解释（二）》（法释〔2010〕3号）规定的入罪标准；要构成传播淫秽物品罪，同样要符合上述司法解释的入罪标准。
作为吃瓜群众，遇到“荤瓜”，大多也就是自行观看，或者私下传播一下，一般不会以牟利为目的去制作、运输、复制、出版、贩卖、传播。因此，制作、复制、出版、贩卖、传播淫秽物品牟利罪与吃瓜群众大多无关。
吃瓜群众更可能涉及的犯罪是——传播淫秽物品罪
因为传播淫秽物品罪不要求以牟利为目的，只要传播的数量或者影响达到了法定入罪标准，就构成犯罪。
关于传播淫秽物品罪的入罪标准有两个司法解释：
其一，《非法出版物刑事案件解释》第十条的规定，向他人传播淫秽书刊、影片、音像、图片等出版物达三百至六百人次以上或者造成恶劣社会影响的，以传播淫秽物品罪定罪处罚。
其二，《淫秽电子信息刑事案件解释（一）》）和《淫秽电子信息刑事案件解释（二）》的规定，这两部司法解释内容多而杂，归纳总结如下：
1.以上标准，达到单项标准两倍以上，或者同时符合两项以上，则构成“传播淫秽物品罪”；如果传播不满十四周岁未成年人的淫秽内容的，则达到任一单项标准，或者有两项以上达到二分之一标准的，也构成“传播淫秽物品罪”：
（1）传播淫秽视频20个以上；
（2）传播淫秽音频100个以上；
（3）传播淫秽图片、文章等200个以上；
（4）传播淫秽电子信息，实际点击量1万次以上；
（5）利用会员制传播淫秽电子信息，会员人数达200人以上。
2.建立主要用于传播淫秽电子信息的微信群、QQ群等互联网群组，成员达三十人以上或者造成严重后果的，对建立者、管理者和主要传播者，以传播淫秽物品罪定罪处罚。
3.网站建立者、直接负责的管理者，允许或者放任他人在自己的网站或者网页上发布淫秽电子信息，在以上（1）-（5）项标准中，单项标准达到5倍以上的或者两项标准达到2.5倍以上的，以传播淫秽物品罪定罪处罚。


估计有不少吃瓜群众在不知不觉中已经构成了“传播淫秽物品罪”了。目前司法实践主要的打击对象是“制作、复制、出版、贩卖、传播淫秽物品牟利罪”，对于“传播淫秽物品罪”的刑事打击暂时相对宽松。
但是，宽松并不意味没有风险，劝吃瓜群众们不要心存侥幸心理，不要传播淫秽信息，否则牢狱之灾的达摩克利斯之剑一直悬在头顶啊。在“看片”这件事儿上，大家还是自私一点比较好。"
大数据扫黄如何自动给你打上标签，让你成为重点观察对象！,https://zhuanlan.zhihu.com/p/568480250,浅暄,编辑于 2022-09-27 07:02,"提到黄赌毒，很多人都说与赌毒不共戴天。反正满嘴不提黄。网络空间中，是否某个夜晚，无处安眠的你，偷偷打开某个网站。 而如今网络数据越来越高端化，无论你是通过什么手段也难逃大数据扫黄监控。无论是线下打击非法从事此类，还是线上从事此类，都会受到法律的严惩。
大数据分析
一、首先要了解什么是大数据
如果从字面意思来看，大数据指的是庞大巨量的网络数据。那么有人会问，有多大量级的数据才叫大数据?不同的机构或学者有不同的理解，难以有一个非常定量的定义，只能说，大数据的计量单位已经非常庞大。在现在的社会数据量也在不断增多，无论是上网购物还是刷视频或者春节买车票回家，都离不开大数据。
数据的价值含量、挖掘成本比数量更为重要。对于很多行业而言，如何利用这些大规模数据，发掘其潜在价值，才是赢得核心竞争力的关键。回归正题，我们在网络上的痕迹会留在大数据中吗？我想说的是会的，当你想买什么东西时，大数据会给你推荐，甚至会精准推荐。也不能在网络上传播谣言，网络也并非法外之地，大数据时时刻刻在运行。
数据运行
二、大数据扫黄为何会找到你？
对于这个问题，我相信很多老司机都会撇撇嘴。无人陪伴的夜晚，无法安眠的深夜，偷偷浏览某个网站，或者打开某个app，深情看着异域风情，被各种动作和甜蜜语言所吸引。殊不知这些不良网站早就已经在网络警察的监控之下，当你还在尽情享受这网站信息时，就被网络民警给盯上，触发网络安全警报。
如果你经常浏览这些不良网站或者app，那么恭喜你，你真的很可能被网络大数据给盯上了，甚至给打上了标签。你在网络上的行为也早就被大数据察觉，分析你的行为习惯。
假如你爱去一些线下场所，比如宾馆酒店，洗浴场所，高级会所等。大数据会监察你是否有异常消费，是否在半夜三更进行大规模转账交易等等。当然你要是正常消费自然是没事的，大数据只会调查哪些异常行为。公安机关往往会锁定哪些深夜还在转账的账号，并且都有特殊的含义，会被列为风险账户。倘若你涉嫌违法行为，可能早就有警察等在门口。可以说那些有涉黄不良行为的人，都是无处可藏，天网恢恢，疏而不漏。
涉黄违法行为
三、李易峰是被大数据扫黄监控查到了吗？
前段时间，娱乐顶流明星李易峰“塌房”，网上有很多都议论，这是否是因为大数据扫黄而“中招”。对于这个是否被大数据监察到的，无从得知。
事实上，这几年来有关于明星嫖娼的事被爆出来很多。除了这些娱乐明星之外，一些普通人也会涉嫌嫖娼。过去想要人赃俱获可能非常困难，但如今伴随着网络和大数据技术的发展，想要将涉黄行为一网打尽，也变得越来越容易了。
结语
自从有了大数据扫黄之后，此类违法事件正在逐渐减少。在互联网中，要积极主动抵制涉黄的各种产品。如果不知悔改，就很有可能会被列为重点高度关注一类的覆盖范围内，进而给自己增添无谓的误会和麻烦！"
100多万女性受害，近20年扫黄之路让韩国越扫越黄,https://zhuanlan.zhihu.com/p/585552089,z导社会观察,发布于 2022-11-22 08:27・IP 属地山东,"韩国色情行业竟然创造出了14万亿的交易数额，那色情行业在韩国究竟是怎样的一种存在？

韩国凭借着耀眼的汉江奇迹和韩流文化的兴起，让自己迅速在世界出圈，还将本国的三星电子做到了全球第一，而与手机销量位居第一的还有韩国的色情产业。



说出来人们可能会不敢相信，近年来韩国的色情产业一度超越了日本。

韩国人在色情产业上的人均支出是日本的五倍。韩国的总人口只有五千多万，但色情行业却创造出了14万亿的交易数额，毫不夸张地说，韩国色情业一年的收入就相当于其农林渔业的全部产值，国家GDP中有百分之四的“成绩”都是来源于色情业。

以上的数据令人大跌眼镜，但韩国色情行业的风气早就已经根深蒂固了，甚至色情交易已被大多数人默认为是一种合理合法的规范。



起底韩国的色情产业，就不得不提起这两个国家，那就是美国和日本，可以说，美日两国对韩国色情产业的影响力是巨大且深刻的。

十九世纪七十年代，日本霸占朝鲜半岛后，在这里开了第一家妓院，随着日本不断增兵殖民奴役朝鲜后，大多数的朝鲜妇女都被迫被抓服务日本兵，妓院也随之增多。



这样的状况一直持续到二战结束，朝鲜战争时美国大兵又来了，南韩政府为了获得美国的大量帮助，于是开始极力想办法讨好美军，这其中就包括了支持本国女子为美国兵提供生理上的性服务，正是在政府默许的状态下，现代的韩国色情业得到了迅猛地发展。



两千多万韩国女性，一百多万从事色情行业，韩国男性一半以上都有过买春服务，那韩国色情产业究竟疯狂到了什么地步呢？

俗话说胖子不是一口吃成的，韩国扭曲的社会风气也不是一蹴而就的。韩国色情产业的发展绝不止是受美日等历史因素的影响，与其社会观念、财阀垄断和年轻人的生活压力等普遍的社会问题都有紧密的联系。



上世纪五十年代，刚刚从朝鲜战争中脱离出来的韩国穷的是叮当响，整个国家要钱没钱，要人才没人才，经济一度停滞不前，与如今亚洲四小龙的地位相距甚远。

苦难的日子里，生活最无法得到保障的就是妇女和儿童，而当时韩国的工作大多数都是由男性所从事，留给女性的工作机会几乎是微乎其微，没有收入来源，这无疑给女性的生活雪上加霜。当时的韩国女性人口基数大，其中食不果腹衣不蔽体的数量居多。



那时候美国和韩国走得很近，美国在朝鲜战争后又安插了很多大兵来“保卫”半岛，这些美国大兵的生理需求又再次带动了稍作沉寂的色情业。许多韩国妇女为了生存，只好出卖自己的肉体来博得一些钱财和食物。

韩国妇女从美国大兵的手上赚取大量钱财，这让韩国政府发现色情业简直就是一台行走的印钞机，当局对此大力支持。



为了刺激国内经济发展，韩国政府对从事色情业的人制作了一整套流水设施，他们将乐意从事该工作的女性集中起来，给她们专门成立了补习班，教她们学习英语、化妆、洋文化等等，更好地为美国人提供服务。

美军的存在使得建国初期韩国的色情业得到了迅速的发展，韩国政府也拿着这笔特殊行业的税收来大力发展国内经济，除了一鸣惊人的汉江奇迹，近年来韩国也如愿跻身进了发达国家的行列。而此时的韩国人手上越来越有钱了，色情业也在经济腾飞的同时悄然发生了变化。



那些从事特殊行业的女性不再把她们的服务对象局限于美国人了，而是逐渐将目光聚焦在平民身上。

由于韩国本身骨子里崇尚的就是父权至上的社会结构，所以在此基础上，韩国男人视女人为玩物，加上现在的生活压力大，男人将女人作为欲望的宣泄口，久而久之，在韩国的男性群体中还形成了一起嫖娼的畸形文化。

他们并不认为买春是耻辱，甚至把“花钱买春是天经地义”的想法刻在了脑子里。



韩国将近18年的扫黄行动并没有对色情产业产生有效性作用，反而还越扫越黄，这又是怎么一回事呢？

“花钱嫖娼”这种可怕观念，在韩国是从上贯彻到下，不管是财阀官员还是普通百姓，他们对这件事的合理性深信不疑，甚至还以为这是“自由开放”的另一种表现。

韩国依靠色情产业的红利，经济确实变好了，但同时在国际上也丢光了脸，对此，他们不得不开展扫黄行动。



而韩国对性交易最大的一次打击当属卢武炫当政时期，卢武炫不仅严厉打击了大量的场所，还针对性交易颁布了《性买卖法》，这在一定程度上确实带给了色情产业一部分的冲击，但这无法动摇韩国人对于花钱买春是合理合法的观念。

此后的韩国对色情业的打击力度基本上都是雷声大雨点小，给外人的感觉是韩国是在扫黄，可调查的数据却狠狠打了韩国的脸。其中最引发国际关注的就是“汉江伟哥超标”事件。



调查发现，每到周五晚上，汉江伟哥的含量会高于平时，而灯红酒绿的富人区江南地区也会高于江北地区。这也侧面说明了韩国色情行业依然是大规模存在于社会之中的。

韩国的扫黄行动不彻底，根源还是出在人们的意识形态上，如果是一个有着健康社会风气的国家是绝不会允许这样的行为存在，更不会将其发展为产业。



因为所谓的色情业表面上看就是男男女女的风月场所，但实际上是有钱有势之人对弱者的压迫，未来不采取强硬的手段打击，只会有更多的人受到伤害。

我们国家是否可能掉入这个陷阱?

对此，你怎么看？"
网传北京扫黄，某著名投资人被抓，被投创业者捞人。26日12：10分更新，徐小平报平安,https://zhuanlan.zhihu.com/p/24573375,郝人古,编辑于 2016-12-26 18:16,"星期一，你的同事来上班了吗？
昨日圣诞节，北京扫黄，整个业界都疯狂了。被传长江商学院大量投资人被擒，我们一起赚啊微信公众号也第一时间联系了我们的投资人，还好，他还在刷朋友圈。我们的投资人保住了。我们也因此从一些互联网行业群里，扫听到了大量内幕,制作了一份北京扫黄被抓BAT名单~~~~~（看文末）
是的，好多互联网公司周一的早会，都开不成了~~~领导进去了~~圣诞节被抓~~够惨的~~~
一是因为，业界名头最响的保利俱乐部竟然也被端了。号称“北京天上人间之后。最高端。生意好的只有保利俱乐部了”。被端掉的三家分别是，位于保利大厦内的保利俱乐部，保利的背景大家都是知道的，上达天听的能力，没点本事你拿不下来。第二家是北京市海淀区板井路69号世纪金源大饭店里的蓝黛俱乐部，这家店全国连锁，能量自然是非比寻常。第三家是京仪科技大厦A座京仪大酒店B1层的丽海名媛俱乐部，据说背景之深厚，当年扫掉了天上人间他们都安然无事。
二是因为，出手太刁钻，专门在三家俱乐部圣诞大趴的时候抓人，大量“互联网行业有头有脸的人物”都被抓了。引得大量投资人和公司高管，为了保护公司股价，纷纷发朋友圈问候圣诞“报平安”。业内也纷纷列出被抓的名单，告知内幕的朋友说本次行动背景太大，名单上的人也不能完全确定。我们只能实时根据线报来更新，大家在我们一起赚啊（yqza18）的微信公众号里回复“名单”，就能得到我们实时更新的北京扫黄被抓BAT名单）。我们在搜集信息的时候，最高兴的是有些小朋友表示“支持北京扫黄，周一早会不用开了”，但是也公关公司担心“今年尾款结不了啦”。最郁闷的莫过于一个创业者，他担心的是，是不是要去捞他们的投资人？（你看有一个守规矩的投资人是多么重要）
第三点，就是本次扫黄的目的，据说折腾这么大，一是为了扫黄，二也是对某人有所针对性。大家只要一眼看到名单，就能非常明显的看到他的名字。兴师动众的就是为了抓这一个人，让无数圣诞单身狗陪葬，真是够了！
另外，作为一只单身狗，我们也是旗帜鲜明的支持政府的有力行为，同时也希望被抓的各位老总，能早日洗脱罪名……
别耽误了发年终奖啊！

另外，鉴于我们公众号也有随时被抓的危险，我建议大家星期一上班的时候，也去领导办公室敲门问个早安~~~~比如说搜狐的同学？
第一批：名单如下：抱歉不能再详细了
Emily（女） 某直播平台网红
Daniel （男）著名投资人，目前正在让被投的创业者捞人，下了死命令！“赶在明天头条出来之前捞出来”
Jacob（男） 某母婴平台运营
某李姓男子，中关村某互联网金融公司高管，目前已经联系家人。
Emma（女）上海某互联网金融公司职位不详
Michael （男）某清华科技园 地上跑的动物门户网站编辑
某王姓女子，某上海游戏公司会计……..太诡异了，一个上海会计跑到北京过圣诞被扫黄组抓了~~~~~有内情
某提了名字就会满大街都知道是谁的女屌丝网红，估计，这次是真完了，辛辛苦苦一整年，一夜回到解放前…….
Madison （男）某新晋崛起的短视频APP，带着整个团队和网红十一人被抓
某王姓房地产开发商负责市场的高管…….这个应该真的就是普通的坐坐聊天而已
Olivia （女）某VC，主要看传统企业转型方向，单身一人被抓…..好奇怪去干吗去了？
Matthew （男）天使投资人，曾投资过某款著名手游，被抓时衣衫不整，被执法拍照
Andrew （男） 某门户网站（他们自己说自己是门户）与若干小兵同事
William（男）某荷尔蒙社交APP运营，被擒时据说反抗激烈
Christopher （男）某VC投后经理，据说已经成功捞出，另说，竟然在此事上牵扯出其有深厚背景，还传，他真的只是打酱油的
持续更新中……..


第二批名单：12月26日 9：30分更新
据说消息已经通知各个单位，也请各大厂的朋友们，在我们微信公众号的后台留言，通报现状
增加名单
某数字公司 一技术男被抓，传说职位并不高，竟然有能力做如此高消费…….
某战投最近狂捧的分享经济公司，一个部门七个人被抓~~~~战投战投，全是站投~~~果不其然~~


第三批名单12月26日 10：00分更新
根据微信后台线人的通报，第一批名单的10号种子选手，准时参加了9：30的晨会。他的开场白是“让大家担心了…….”,好吧，这是确认的第一个。请大家自动勾除此人……….
第四批名单12月26日 11：00分更新 （你的同事来上班了吗？）
这第四批名单，就是我们无法访问的原因，我们发布了一下，服务器就被海量访问给挂了
这哥们据说是和某网红一起参加某直播公司的年会被抓到的，据说现场也是很混乱
其他公司反映都很平淡，这个哥们的企业公关部门都找上门来，估计，这次抓的可能就是他，对不起，我们有删减了一些内容，真的没办法，希望能得到大家的谅解
第五批名单12月26日12：10分更新 （你的同事来上班了吗？）
徐小平报平安，表示圣诞节看了三部电影罗曼蒂克消亡史、神奇动物，血战钢锯岭……..
北极光报平安
红杉资本报平安
清科报平安
网易运维组报平安
某杭州直播平台商务，被传招待客户被抓，刚刚微信报平安
网友正在核实另外一个徐老师的好CP……."
他屡屡举报休闲会所“涉黄”，真相却是……,https://zhuanlan.zhihu.com/p/146951309,深圳市人民检察院,发布于 2020-06-09 15:28,"“有行动！立即出警！”
2019年8月1日，凌晨1点半。随着一声哨响，数辆警车迅疾冲进夜幕中。红蓝警灯交替闪动着，警察齐刷刷跳下车奔入了一家休闲会所，大堂经理紧张地搓着手跑出来，服务员不知所措地站在走廊边上，包间里的客人们不安地望着门口……会所此刻气氛，可谓剑拔弩张！
“有人举报你们有色情活动，有没有这回事？”民警严厉地问道。
“绝无可能，我们正规经营的。”大堂经理连声叫冤。
一番突击检查，证实并无涉黄活动。等送走警察，大堂经理转身面沉似水：“都想想，最近得罪谁了？给我们搞这一出？”
几名客服低声议论了一会儿，一名前台接待员若有所悟：“会不会是那个说舅舅是法院院长的人？”
前两天，一个年轻男子来按摩时，加了会所客服的微信，之后对方发来微信，声称公安局长是他的朋友，法院院长是他的舅舅，还发过来他们的照片，说他可以罩着会所，叫老板每个月给他4000元钱，不然就打110举报会所涉黄。客服觉得他想敲诈勒索，就没搭理他。
“难道他真的神通广大？”
“哎，谁知道。如果是的话，说不定会打击报复我们，如果不是的话，得罪了这种小人，他天天举报，我们也吃不消啊。”
巧的是，这家会所曾经有个别技师违法操作，被停业整顿了一个月，正是风声鹤唳、草木皆兵之际。大家商量一番，觉得还是妥协算了。
为了息事宁人，第二天下午，经理把这个男子叫到会所商议。对方表示，一次性给个20000元也可以。经理表示为难，现在生意不景气啊。双方讨价还价后，经理通过微信扫码，转给他8000元。
随后，会所经理向老板报告了此事。老板很气愤：“我们吸取教训，做到严格管理，为啥要怕他？这个人太嚣张了，居然明目张胆来敲诈勒索，不能让他得逞，不然他会得寸进尺的。”
这边，会所选择了报警，那边，男子高高兴兴地把钱提到了银行卡上。还没等他享乐呢，民警就出现在他的面前……
原来，这个男子叫阿雷，小学读完就外出打工了。可是，像他这种游手好闲、总想着不劳而获的人，打工是不可能好好打工的了。因为盗窃，2015年、2019年他两次分别被判有期徒刑七个月和六个月。
2019年6月，阿雷刑满释放。快30岁的他身无一技之长，找不到工作。怎么办呢？他想起有一个江湖“朋友”教过他，说打110举报按摩中心涉黄，就可以问他们老板要钱。
按摩，舒服呀！要钱，爽快啊！阿雷来劲了，他还自行发挥，决定给自己创造一个背景，要钱时更有底气。说干就干，他立马打开百度搜索起来。嘿嘿，这个法院院长正好是自己老乡，虽然不认识，也不是一个姓，不妨碍认成舅舅嘛！嗯，桑拿场所最怕公安，还得有个公安局长当朋友……
阿雷从网上搜了相关领导的姓名和开会、活动等照片，还打印出来，然后就来到按摩中心，享受一番按摩后，他就开始大肆吹嘘、敲诈勒索。可是，现在的按摩中心大多都很正规，他先后去了几家，都被对方严词拒绝了。好不容易成功了这一次，还落入了法网。
其实，110接处警中心已经注意到了：近期有一个手机号码，多次举报多家场所涉黄，民警回拨过去，对方却总是不接听，而且被举报的场所经检查也一切正常，怀疑有人恶意举报。经过核查，果然就是阿雷的号码。
对阿雷的“举报”，民警也询问了这些会所的技师。几位女技师的陈述，简直让小编笑出了猫叫：
“他神神秘秘拿着一张纸给我看，上面写着什么法院院长，说这张纸很重要，我就想说，一张纸能管什么用啊？”
“他拿手机照片给我看，说法院院长是他的亲舅舅，我被抓了就要送到法院去判，到时候可以找他帮忙。”
“他叫我脱掉衣服给他服务，还想抱我，说叫我做他女朋友，我直接拒绝了。”
“他非要我加他微信，他一出门我就把微信删了。”
“我觉得他脑子有问题吧。”
“这种人平时我们见多了，根本不会搭理他。”
不过，小编暗搓搓地想，此人不敢谎称有检察院的关系，难道是因为深检君一身正气吗？
阿雷认罪认罚，自愿退赃。该案经过深检君的小伙伴，罗湖区检察院提起公诉，法院以敲诈勒索罪判处阿雷有期徒刑一年，并处罚金三千元。
案件虽小，却有警醒意义。在此，办案的欧检察官也想提醒大家：凡是打着政法机关领导、亲戚、朋友的幌子，来向你索要钱财的，都是骗子！都是骗子！都是骗子！广大经营者千万不要怕，立即报警是最好的选择！
（注：本微信中部分图片来源于网络，版权归原作者所有。如有任何涉及版权方面的问题，请及时与我们联系，我们将妥善处理！）
拜托点一下“在看”哦！"
扫黄现场到底有多刺激？？？,https://zhuanlan.zhihu.com/p/421077302,好奇博士,发布于 2021-10-13 18:32,"这次引用的法条没有问题！

博士一分钟，姿势涨不停
- 本期完 -"
警官日记｜栗栗扫黄,https://zhuanlan.zhihu.com/p/590254728,栗栗,发布于 2022-12-08 15:19・IP 属地浙江,"第一次去扫黄的经历挫败又刺激。
现在这个黄不大好扫了，一方面是都线上沟通，有些妈妈桑甚至人在外地远程操控，另一方面，纯靠人力硬冲也显得过于鲁莽。
所以上回我扫的时候，（没有开脱的意思），把嫌疑人跟丢了呜呜。
那天我们去蹲一个嫌疑人（组织者，俗称鸡头），接到的任务是跟着ta，但是先别抓，等嫖客落网几个再抓。
听上去平平无奇的任务，我想，无非是跟着嘛，又不用抓，这还不轻松？
果然，是我不懂社会险恶。带着我一起的领导说，这样难度很大的。我不解，直到两个小时后，现实给了我答案。
你们知道，跟踪一个嫌疑人十分钟，引起警觉的几率有多大吗？不太大，一般不会。
那跟踪半个小时呢？有一定几率，但是藏得好的话也问题不大。
那跟踪一个小时呢？多少是有点冒险了朋友们，可以但是没必要。
而我，那天，足足跟了两个小时，120多分钟。嫌疑人走到哪儿都能在周边看到我，这不警觉是猪吧？到最后我俩属于是明牌了，嫌疑人带着我们在一个巨大的十字路口兜圈圈，彼此心照不宣：我知道你在跟着我但我还是要溜达，我知道你警觉了但我还是得跟着。
在接到指令动手抓ta的前十分钟，ta穿过马路穿过小巷穿过店铺从后门“咻”就跑了。
哈哈哈哈哈哈哈nmd，跟丢了。

当然后面又重新抓着了，这都是后话。法治社会，无所遁形。
但这是我第一次抓黄，跟踪老刺激了，两个小时顶着寒风和jio上的水泡，神色自若四处溜达。嘿嘿有趣极了。"
扫黄、性产业与2020-2022,https://zhuanlan.zhihu.com/p/654231843,奸奇大魔里德逊,发布于 2023-09-04 16:17・IP 属地中国香港,"我认为有一种观点极为危险：因为本身中性（或是最多只是违反传统道德）的行为A容易促使客观上的“自然犯”结果B，即使它并不是结果B的充要条件我们也不但要把行为A作为“法定犯”，还要利用道德和公序良俗让人们认为行为A是“自然犯”，甚至给人们植入“为了绝对的安全，一切会增加自然犯几率的法定犯都该是自然犯”的思想钢印——这显然不但和现代社会的基本精神是背离的，还能在各种前现代社会得社会中找到明确的代表。

放在性产业上就是“任何性服务都等同于暂时的器官买卖和对人的剥削，因为人在应然上没有出卖自己人身自由的自由，所以我们要禁止性服务”是我虽然不认同但是可以接受的反对有偿性服务的观点——因为这个观点想要论证的是有偿性服务本身是否违背自然法，尽管我不认可这种观点具体的论证过程。
但“如果性服务合法了，人口买卖可能会变多，所以相对于加强对性从业者的审查、加强对性服务物业的监管斩断性服务业和暴力犯罪与人口买卖的联系，我们不如索性禁止性服务，自由意志是可以被牺牲的”就是我完全无法接受的观点。
正如基于动物福利本身的动物福利保护是我不支持但可以理解的，“因为虐待动物的人更有可能虐待人类，所以我们要在他还在虐待动物的阶段将其逮捕”就是我不能接受的了。

这相当于在说“如果人人可以买车，车祸会变多，所以为了绝对的安全，要对购车作严格的限制”；“如果不搞连坐，犯罪分子可能肆无忌惮，所以为了绝对的安全，我们应该恢复株连”；“如果gta上架，枪击案会变多，所以为了绝对的安全，gta要被禁止”；“如果游戏里的血是红色，凶杀案会变多，所以为了绝对的安全，游戏里的血要是绿色的”；“如果游戏里的角色穿着暴露，性侵案会变多，所以为了绝对的安全，游戏里的虚拟角色要裹得严严实实的”。
让我们来问自己三个问题，为什么除去实体的性服务业，成人影视、成人动漫、成人小说也是不被允许的？为什么十年前相对可以被适当容忍的影视、游戏、音乐中不直接涉及性行为本身的性感元素/擦边球/性暗示如今也是不被允许的，促成这种变化的根本原因是什么？
只盯着真人性服务业，忽视成人影视和不涉及真人拍摄的动漫、游戏、小说与不涉及性行为本身的描写只是存在性感元素（擦边）的文化产品的管控是不能真正回答这个问题的。

实际上，黄（需要被禁止的那部分和性有关的事物，未必盈利）、赌（需要被禁止的那部分博彩业）、毒（需要被禁止的那部分麻醉类药品精神类药品）这种说法是带有鲜明的价值判断和预设立场在内的，且这三样在任何现存国家（即使是相对宽松的欧美日韩）都是相对敏感的，各国政府皆对其存在一定的管控。
扫黄、禁赌、禁毒这三件事值得玩味的不在于各国对其的管控力度和量刑标准的不同，而在于其社会共识与法律界定具体哪些和性有关的事物/博彩业/麻醉类药品和精神类药品是需要政府支付成本，出动行政和司法力量，惩戒其制作/组织者（甚至参与/使用/持有者）的标准不同。
以“黄”为例，具体举几个例子：涉及真人的性服务业在德国是合法的，但在美国（的绝大多数州）、日本、沙特、伊朗是违法的，而其中美国和日本对其的管制非常宽松（尤其是日本的泡泡浴实际上是在钻司法空子），伊朗和沙特则对其管制严格且量刑较重；成年人真人参与拍摄的成人影像和成人动漫与小说在德国、美国、日本皆是合法的，在沙特和伊朗则皆是违法的；未成年人真人参与拍摄的成人影像在德国 、美国、日本、沙特、伊朗界都是违法的，而其中在美国和德国，只要持有即为犯罪，日本对其的管理则相对宽松；在公开场合的涉及肢体暴露的性感服饰在德国、美国、日本均为完全合法，只要不涉及到故意的性骚扰就不受任何管控，在伊朗和沙特则是违法的。
再以“毒”为例，甲基苯丙胺或甲基安非他命的结晶形态在加拿大、美国 、日本、伊朗、阿富汗皆是违法的，其中持有和生产在加拿大、美国、日本处罚相对较轻，且主要是功利主义的问题，不是道德问题（个人在社交圈或公开场合支持其合法化不会社死），且伊朗和阿富汗是重罪，且被上升为道德问题（个人在社交和公开场合支持其合法化会社死）；娱乐用大麻在加拿大、美国的部分州是合法的（有一部分州允许医用大麻禁止娱乐用大麻，有些州二者皆禁止），在日本是违法的但不是重罪，且主要是功利主义的层面；在伊朗和阿富汗是违法的，生产持有皆为重罪。
综上所述，“黄”界定和立法层面才是最有趣的，重新强调下，这主要指的是该如何界定什么是“黄”——即需要被取缔的和性有关的事物，因为这主要涉及到该国主流文化对一个人的身体自主权和自由意志的看法；该国的主流文化对性行为的态度是倾向于用道德和传统来进行建构，还是倾向于用科学把性还原为一个单纯的生理行为来进行解构。
须知，任何国家在立法时，都会存在限制和性有关的事物的法律。比如在迪拜即使是情侣在公开场合接吻也是违法的，在沙特阿拉伯女性穿短裙则属于犯罪。显然，当众接吻和短裙而在这两地是被认为属于“黄”的、需要被取缔的事物和行为，然而它们在大部分其他国家显然并不属于“黄”的范畴。于此同时，虽然大部分欧美国家对性的态度非常宽容，大部分和性/性感有关的事物和行为在欧美都属于合法或轻微违法的范畴，但这并不意味着欧美的立法者不认为和儿童有关的色情制品是不该被坚决取缔的。
大部分性道德是古人由于对世界的认知不够充分，为了降低在特定技术条件下的协作建构出来的东西，它本身并不先验，更不是什么所谓的天理———比如比如男性泄殖道是同构的，女性则距离的很近；月经会产生大量的血液，容易让古人朴素的认为性是不洁的；没有亲子鉴定男性无法确认后代和自己的血缘关系，为了让男性可以相对的克服柯立芝效应照顾子女和怀孕的配偶，要让男性绝对确定伴侣肚子里的孩子是“自己的”，所以有了贞洁观；比如没有靠谱的避孕和防性病技术。所以中古时代以后的大部分国家的传统道德都提倡节欲。但是，人类道德的演化速度显然要慢于人类的技术进步速度，大多数人（包括欧美人的大部分普通人）只会无条件接受主流社会给自己灌输的道德和共识，用惯性来思考。而一个地区的文化环境和产业只要是自由和市场化的，同时该国生活在城市里、能享受现代医疗的受高等教育的人越多，与之相伴的科学技术和现代医疗（比如避孕套的普及）就越是可以消解性对人们的负面影响，这个地区对性的看法就越容易是开放且解构的；人们（尤其是女性）越是可以在社会上独立且安全的生存下去，这个地区的主流文化就越会倾向于尊重自由意志，最终形成新的社会共识和“惯性”从而影响立法————而一个地区的自由和市场化的文化环境，城市化与现代化的医疗和教育的覆盖程度都是可以高度反应一个地区的文明水平的。
再说说司法和实践层面，这主要分为三种情况，以性交易为例：性交易合法；性交易违法，能做到严格取缔；性交易违法，但在实践上管理不严。
比如同样是“性交易违法，但在实践上管理不严”就能分为多种情况。
举个例子，国家A：主流文化整体保守（如重男轻女、歧视性少数，对性的看法非常传统），但由于经济发展水平很低，政府部门和司法机关能力低下，明明黄赌毒在成文法中是非法的，但却屡禁不止，与此同时在习惯法上，该国的大家族会把出轨的女性定为“通奸罪”，用私刑残酷处死。国家B：经济发展水平较高，社会文化整体上较为开明，女性和性少数权益能得到不错的保障，但B国由于在司法实践中倾向于修复式司法，对性交易的管制集中在优先犯罪惩处，人口交易和社会安全方面；且由于该国文化较为开明，对性行为的本质倾向于解构，民众也普遍认为性服务虽然“不好”，但也不是太大的事，所以虽然在该国的成文法中性服务是非法的，但却屡禁不止，与此同时该国的性服务从业者基本能做到规范使用避孕套并且定期体检。
世界是复杂的，因果之间的联系更是复杂的。时间截止到2023年，有的地方允许性交易，有些地方禁止性交易，有些地方只抓嫖客不抓性工作者（ 或性工作者提供性服务是合法的，但是有组织地进行如妓院、拉皮条等是非法的，个人性交易不受到管制），有些地方性交易是否可以合法是不可谈论的禁区，即使是充气娃娃体验店也被禁止（不管禁止的理由是道德，还是为了防止人口买卖）。
这张图存在的主要问题有二。其一是红色没有体现禁止力度，比如俄国会用特种部队扫黄，性交易在中东是重罪，但日本的泡泡浴和各种擦边球门店处在灰色地带事实上几乎不管，美国东南亚的惩戒也很轻。其次俄罗斯在地图上面积很大，但实际上它只有1.4亿人，而蓝绿色部分的欧洲看似不大却有6亿。印度、拉美、加澳有20亿
在一个国家能在保证社会基本稳定、女性权益总体上得到保障、行政机关与司法机关健康运作且经济和科技发展水平与人民生活水平较高、公民社会发展健康的前提下，抛开道德、税收和司法水平，只谈社会共识中的功利问题，其实以上几种对待性交易的不同立场可以反应不同地区的人愿意为了自由意志支付的成本和风险：中性的A容易促成客观上恶性的B，但不必然导致B，为了“绝对的安全”、“绝对的正确”、让B“完全不出现”、节省成本而直接禁止A，宁可错杀也不放过，而非尽力切断A和B的联系的同时允许A的存在，并且讨论A本身的合理性。
比如
A：完全禁绝性交易涉及色情暴力的游戏———为了防止“性剥削”和未成年人被文化产品影响（即使有分级，未成年人也有可能看到、玩到现在这些作品），自由意志应该做较大的让步，宁可错杀不可放过。
B：在性交易议题上只抓嫖客不抓性工作者、在文化产业上推行严格的分级制度———为了防止“性剥削”和未成年人被文化产品影响，自由意志应该做出一定的让步，人们普遍认为值得维持承担一定风险。
C：性交易合法和在文化产业上推行宽松到分级制度———在自由意志面前，安全应当作更大的让步，宁可放过不可错杀。
因为性交易合法容易导致人口贩卖和非法拘禁，为了绝对的安全，与其提高司法水平斩断性交易和人口贩卖与非法拘禁的联系，不如索性禁止性交易。不讨论人是否应当享有自由处置自己身体的权利、在道德上强调性器官相较普通器官的独特性在当代社会是否合理（用手给顾客背部按摩和用性器官在做好防护措施的前提下给顾客的性器官按摩是否是有区别的）。
因为成人影像和游戏合法容易导致未成年人受不良影响，且任何分级制度都不可能完全杜绝未成年人看到成人影像和游戏，所以为了绝对的安全，与其提高司法水平尽量防止未成年人看到成人影像和游戏，不如索性规定一切涉及暴力和色情的影像和游戏非法，不去讨论成年人是否有权利观看和游玩成人影像与游戏。
这种思路延伸下来就是：在婚内强奸问题上不去讨论婚内的性侵犯是否存在、客观上是否会有婚内强奸的受害者、如何提高司法机关的水平防止冤假错案的产生，而去鼓吹“因为强奸适用无限防卫权，婚内强奸如果成立，那么对应的正当防卫反杀也成立，可能会导致无辜男性被杀。所以婚内强奸即使真的存在，为了绝对的防止有人被冤枉，所以婚内强奸不可以成立”。
以及在疫情期间，不同地区的不同应对策略。"
李易峰中招，大数据扫黄是怎么发现的？还是长点心吧,https://zhuanlan.zhihu.com/p/563568970,数字财经智库,发布于 2022-09-12 11:36,"一失足成千古恨，李易峰作为新生代演员，正值演艺事业的巅峰时期，却因为没控制好自己的欲望，彻底凉了。据了解，和李易峰合作的十几个品牌纷纷宣布解约，代言费都要泡汤了。更重要的是基本被演艺圈除名了，正所谓“德不配位，必有灾殃”，这一切都是咎由自取。


从通报来看，是在查处其它案件时发现李易峰的违法行为，也就说不是被人举报现场抓获的，很可能是事后追查到的，而且是有多次。过去扫黄以突击检查，或者是他人举报为主，但随着互联网的发展，大数据扫黄逐渐应用起来。
其实，在互联网时代，每个人都是透明的。你在注册各种账号时，基本已经把个人信息泄露出去了。当你看新闻，刷短视频，网络购物时，大数据就会根据你的平时喜欢，不断推送类似的内容和商品给你。
大数据除了商用外，还有一个很大的作用，那就是打击网络违法犯罪行为。比如网络赌博、洗钱、电信诈骗等等，通过大数据，可以追踪到转账记录等等。还有就是造谣，发表不正当言论等，比如有人在微信群里发布虚假消息，煽动舆论等，都可以通过大数据监控到。


那么，大数据是如何扫黄的？
我们的网警一般会不定期的对一些大数据进行分析，对有可能涉黄的人群进行标记，然后重点跟踪，一般确定了以下几点，就可以展开抓捕行动。
首先，时间一般在晚上9点以后，每天有规律的开始大额的转账收款的用户，就会被盯上。
其次，金额比较固定，基本都是600，800这类的固定金额，不会出现653，811等不同的金额。
第三，场所比较特殊，用户一般居住在高档公寓，然后到了晚上9点后，就开始出入各种酒店、会所、洗浴中心等场所。
第四，身份有特征，基本上是年龄在20-35岁的女性，没有什么固定的工作。
具备了以上特征，就会被网警列入重点怀疑对象，然后搜集证据核查，之后和社区民警合作展开盯梢等动作，一旦坐实了就开始收网。


但在抓捕完后，并不意味着就结束了，而是会通过转账记录，传唤与其交易过的P客，经确认后，喜提15日牢饭。
P娼的追诉期最高可至6个月，也就是在你P娼6个月内，都可以通过转账记录，来追查到你。你删除转账记录，或者是卸载APP都是无济于事的，这就是大数据扫黄，别以为没有现场抓获，就可以高枕无忧了。
根据浙江省2022年前半年处罚公示，多数P娼被抓来自于事后追查。正所谓“天网恢恢，疏而不漏”，做了违法行为，别以为可以侥幸逃脱。
为什么要进行大数据扫黄？
首先，网络不是法外之地，卖y嫖c在我国本身就属于违法行为，必须严厉打击。所以，在网络上出现了涉黄行为，一样会被监管，并展开行动。


除此之外，还有就是在网络传播淫秽色情信息，比如在当下的直播时代，一些人为了赚钱，已经没有了底线，开始了色情直播。在2019年，青岛就查获了200多个直播平台，会员竟然高达200万人。
还有一些是传播淫秽视频，刊物，以及色情网站等等。一些单身人士，喜欢在半夜浏览黄色网站，自以为没人知道，但实际上早已在监控之下。不过，只要不传播一般都没事，但这类网站被发现后，很快就会被封杀。
其次，维护好一个干净的网络环境，有利于未成年的健康成长，也有利于让社会保持良好的道德规范，利于和谐社会的发展。
最后，当然是为了起到威慑作用，让更多人洁身自好，保持良好的家庭氛围。要知道一旦被抓，不但喜提牢饭，还会通知家人，轻则爆发家庭矛盾，重则妻离子散。


网络不是法外之地，但对于普通人来说也不用担心，只要你浏览正规的网站，不做违法的事情，大数据扫黄就不会监测到你。但如果你控制不住的欲望，那等待你的将是法律的制裁。不要抱有侥幸心理，若想人不知，除非己莫为，还是好好做一位守法的公民。"
大数据扫黄，你怕了吗？,https://zhuanlan.zhihu.com/p/527352576,微微一笑很美好,编辑于 2023-01-07 18:28・IP 属地上海,"大数据扫黄，这是什么意思呢？比如说一个女性，她微信每天定期收款，并且收款的金额比较固定，收款的地点，基本上都是在高档酒店或者高档社区，而且这个女性的年纪在20-35之间，没有固定的工作，每次刚一到酒店，就会有人打款。
微微一笑很美好
3 次咨询
5.0
13539 次赞同
去咨询
这个时候系统就会识别到她，给她打上一个可疑的标签，每个在微信上和她有转账记录的人，都会被列入到监控的名单。

再比如每次都是某个人，和这个女性打电话，打完之后把这个钱转给女性，而且每天打的金额都差不多，或者说相同的金额的钱，她有可能被定型为妈咪，和她们有过任何金钱往来的人，都有可能会被列入监视的名单，一个都跑不掉。

大数据会逐步的过滤，先标记出来，晚上10点以后到次日的凌晨4点，这个时间段内有交易的账户，然后放大到一定的时间段里面，比如说：一个季度有多少次交易？那么就会标注出此类的用户，因为他们有可能涉黄。

如果说一个账户，每个月的交易金额较大，并且超过7成的交易都符合上述特征，那么这个账户大概率就是涉黄了。"
B站舞蹈区的女菩萨们，摊上大事了,https://zhuanlan.zhihu.com/p/339153313,瓜皮带师,编辑于 2020-12-25 08:14,"滴滴滴，这几天B站摊上大事了，被扫黄了。
说到B站，那带师我可就来劲了啊，人人都知道有一个大人爱看的P型号网站，但是怎么就没人知道我心目中的圣地B站呢？
正如，下面所说，你感兴趣的视频都在B站。
我稍微一打开我的B站，看到的，都是 的女菩萨。
出于对平台规则的考虑，马赛克部分自然是嗨丝，而女菩萨跳舞的水平，自然是非常高的。
但，真正意义上去欣赏舞蹈本身的，根本就没有几个，看这些舞蹈的，自然都是像我这样对于艺术充满了追求的带师们。
当然了，也是真的有几个认认真真去看舞蹈的，还对女菩萨的跳舞水平指手画脚的。
我寻思，难不成舞蹈区的Dancer都是人均舞蹈家，看跳舞的，都是为了学习舞蹈技艺的？
自然不是。
我就抱着好奇的心，去了0.22秒截图了下。
我就想问问你，什么叫做艺术啊？是艺术就不要打马赛克，搞颜色，就不要打着艺术的名号在镜头前，摆弄身姿！
哈哈，以上都是玩笑话，其实不光光是舞蹈区，瑜伽区等，只要能够展现女性身材，或者说具有一定财富密码和潜力的板块，都是一言难尽。
有人的地方就有江湖，有男性的地方就一定有男性爱看的那些，哪怕以后B站的审核做到如何的极致，但，只要有这样，或者那样的财富密码在，都会多多少少的存在。
B站也在第一时间做出了，加强审核的公告，自然也是自罚三杯，有的问题确实能整改，但是对于擦边球的界定，真的不好说。
我就举个封面例子，你说人家跳的韩舞是搞颜色，但人家偏偏说自己搞的是舞蹈艺术，你信了吗？我反正是信了。
韩国女团早些年的舞蹈本来就被人诟病为大尺度，当时就被人抨击不是舞蹈，纯粹是搞擦边球，而这几年，这些颜色型舞蹈反而摇身一变，成了潮流舞蹈的风向标，甚是讽刺。
其实，颜色和艺术的界定，也一直没有明确的规则和标准，所以这种现象以后依然会存在。
当然了，究竟是B站的女菩萨为赚钱造成了这种现象，还是说观众们的客观需求导致了这种现象，这确确实实是一个非常需要探讨的问题。
不过，带师我倒是觉得，存在即合理，年轻的妹子们，在镜头前，肆意的挥洒着青春洋溢的身姿，咱们在键盘前，大饱眼福。
咱可别干那种看完了人家，还说人家不好的事情，系统算法都是机器学习然后推荐给你的，你自己不好这口，系统是不会推荐给你的。
抨击她们这种行为大可不必，食色性也，你觉得不喜欢，你不看就行了，你看了也没事，记得投币三连一波，支持下，镜头前卖力跳舞的她们也行。
怕就怕，用完了之后，一顿评论区，指点江山，挥斥方遒。
不过，还是建议严格分区制度，家长们放心，咱们看的舒心，女菩萨们跳的开心，一举三得，何乐而不为呢？
更多精彩，敬请关注 @爱吃瓜的带师"
警官日记｜栗栗再次扫黄,https://zhuanlan.zhihu.com/p/613497807,栗栗,发布于 2023-03-13 09:47・IP 属地浙江,"月黑风高的夜晚：栗栗再次开始扫黄。
我们一行二十来个人：非常充足的力量，准备一举给这个隐秘的涉黄足治按摩店拿下。
到了晚上十点：我们按原计划：一小撮人员电梯上楼：剩下大部队猫着步从楼梯上来：前后夹击：跑也跑不了。
结果!
电梯太快了，这一小撮上去太早了！走梯的兄弟们估计才走到二楼，电梯里的兄弟已经到达了！
于是这三四个人只好假装是来按摩的：站在前台假装认真地看着价目表。
(嘿你还别说，还真挺贵。)
大部队开始到达了，先是上来了两个兄弟，又上来了几个。
大家的策略差不多：都假装按摩。
等人到的差不多了：冲!
几个人搭着前台兄弟的肩膀：控制住了不让动电脑和手机；几个人控制住了其余服务生，站在一旁不让碰任何可疑物品；其余兄弟往里冲，咔咔就冲，就给他拿下!
上述过程种种按下不表。
后续自然是审讯和处罚，这个店里的各种特殊服务可以说是一个不少，说实话，好多年没见到业务这么“齐全”的店了。
朋友们，按摩就正经按摩，别有别的小心思。
你永远不知道会不会按摩到一半开始游走的时候警察哐哐往里冲。
按摩本无风险，起了歹心危险。
拒绝特殊暗示，争当五好青年。
(乖巧端坐脸)"
警方扫黄之后，我读了一遍《孙子兵法》，恍然大悟,https://zhuanlan.zhihu.com/p/24573473,小马宋,编辑于 2016-12-26 21:47,"12月25日，北京市公安局官方微博发布通报称，23日晚对涉嫌存在卖淫嫖娼违法犯罪活动的多个场所进行查处。
通报称，此次查获涉案嫌疑人有数百名，而业界传闻，有多名投资人和互联网企业老板被抓。
听说出了这么大的事，我赶紧把镇宅之宝《孙子兵法》搬出来读了一下，感悟颇多，强烈建议各位投资人以及创业者同仁仔细研读《孙子兵法》，或许就不会有平安夜的祸事了。
以下是几点感悟：
1、安全是第一大事
《孙子兵法》开篇《计篇》讲“兵者，国之大事，死生之地，存亡之道，不可不察也”，即讲用兵要谨慎，乃是生死存亡之道，要格外小心。
放到现代社会，已经没有你死我活的战争可言，但是我们这个时代，就像伟大领袖毛主席说过的“人是第一可宝贵的”，人一旦出事，那就什么都没有了。
而这里，人的安全就是第一个大事，这个不止是人的生命安全，还有人的名誉的安全，人的行动的安全等等。
2、不要相信所谓的绝对安全
《孙子兵法》作战篇，讲：故不能尽知用兵之害者，则不能尽知用兵之利也。
简单点说，就是用兵前要首先考虑失败的风险，而不是考虑胜利的好处。
放在这里，就是说嫖娼前首先要考虑扫黄的风险，而不是只想着鱼水之欢的妙处。
只看到利，而看不到害，那是最要不得的。
保利的背景大家都是知道的，丽海名媛俱乐部，据说背景之深厚，当年扫掉了天上人间他们都安然无事。可是，还是出事了。
所以，没有所谓绝对的安全。这是就是快乐的代价。
3、每个人都有缺点
利而诱之，乱而取之，实而备之……，攻其不备，出其不意
孙子这句话，放到人性上就是说，每个人都有有自己的弱点，你要想战胜一个人，就要研究他的弱点。
比如你要获得融资，投资人好色，那就请个模特做助理去谈；他要是贪财，那就许之以回扣；他若是好权，那就当面奉承；他要是喜欢嫖娼，那就跟他说明被抓的风险，然后说：我们有关系可以捞人。
而北京警方的23号扫黄，也可以应了那一句“攻其不备，出其不意”了。
总之要记得，出来嫖，总是有被抓的风险的。
4、永远要留一手
《孙子兵法》里有一句话，一直被误会，那就是“以正合，以奇（ji）胜”。
很多人以为那个字念奇怪的奇，其实念ji。这句话的真正意思是，作战的时候永远要分至少两支部队，一支部队是正兵负责正面作战，一支或者几支部队是奇兵等待机动或者策应。
奇兵能在关键时刻派上用场或者打乱敌人的战略部署，是制胜的关键。
就像这次扫黄，就算没有准备好捞人的资源，至少有个备用手机让助理发微信报平安吧。
5、大人物也会因小失大
曹操与刘备煮酒论英雄，曾经这样评价袁绍：色厉胆薄，好谋无断，干大事而惜身，见小利而忘命。
其实所谓见小利而亡命，就是因小失大。这个评语，曹操自己也犯过。张绣在宛城投降曹操后，曹操见张绣嫂子太漂亮就强行纳妾，结果导致张绣造反，这一战曹操失去儿子和第一猛将典韦。岂不也是见小利而忘命吗？
所以《孙子兵法》特别强调日常防务和安营结寨的重要性。
战争往往输在小事情上，投资人常常输在嫖娼上。
6、等待对手犯错
《孙子兵法》讲，先为不可胜，以待敌之可胜……胜可知，而不可为。
意思是：先让自己不败，才能等待敌人可胜。如果没有可胜的机会，那就等待。不主动出击并不是没有作为，而是等待胜利的时机。
比如，你这个领域的对手看起来是强大无比不可战胜的，其实哪天警方一扫黄，创始人被抓，或者头牌网红被抓，你就有机会了。
机会有时候是自己创造的，有时候是警方帮你创造的，自己不嫖娼，等待对手嫖娼就是了。
7、创业容易守业难
然战胜易，守胜难。
战胜敌人容易，守住胜利果实很难。
创业容易，守业很难。
马云说我们要做102年的企业，如果你创始人刚刚融了B轮就出去嫖娼了，或者刚刚上市就被抓了，或者吃饱了撑死了，那岂不是功败垂成吗？
（完）"
大数据“扫黄”要来了？有这几个特征的要注意，或许你已被盯上,https://zhuanlan.zhihu.com/p/602102379,高考招考我来说,发布于 2023-01-31 00:44・IP 属地北京,"“大数据”和“扫黄”这两个词大家都不陌生，但是合起来的“大数据扫黄”或许会让大家有点丈二摸不着头脑，其实前不久的明星李易峰涉黄一案的侦破就要归功于大数据扫黄。
那么，究竟什么样的行为会被大数据认定为“涉黄”？而我们又可以采取什么措施才能从容应对大数据的搜查？下面就让我们一起来找出答案。
一、 何种行为会被判为“涉黄”？
1. 可疑转账
所谓“可疑转账”，是指可疑人员在可疑的时地进行的转账行为，例如经常在深夜十二点至凌晨四点在酒店、高档会所等场所内进行的转账行为，特别是数额较大，且包含6、8等“吉祥数字”的转账尤其会受到公安机关的注意。
举例来说，如果一位长期处于待业状态的年轻女性，在以上的可疑时间经常在酒店等IP地址收到来自不同的人的数额相同的转账，那么这位女性就会被公安机关标记为重点观察对象。
公安机关会持续关注该名女子的相关行为，如果有确凿证据，就会采取行动。同样的，如果一位男性，经常在酒店等场所给不同的女性账户转账，也会引起网警注意。
2. 浏览不良网站
大数据时代，我们随意注册一个网站的账户都需要进行实名验证，任何信息都与个人的电话号码挂钩，我们就像生活在透明的盒子里，一举一动都被记录在大数据当中。
而数据时代的便捷传输也带来了个人信息的泄露，前有陈冠希电脑泄露造成的某某门事件，后有遍地开花的酒店摄像装置，不难发现，这些涉黄的信息大都借助不良网站飞速传播。
社会广泛认为打击黄色犯罪只限于性工作者和性消费者，但实际上并非如此，因为黄色犯罪也会通过互联网进行，所以长期浏览不良网站，甚至参与制造或传播涉黄音频的人员也会被网警列入打击范围当中，并根据其严重程度给予处罚。
3. 不当使用特殊交友软件
现如今各种交友软件充斥各大应用商场，很多人认为成年人的交友，即使是性行为是你情我愿，因此认为交友软件不应当成为扫黄打非的领域。
但是现在市面上有相当数量的交友软件包藏祸心，有的甚至长期以来是性交易的信息转换地，许多团伙打着交友的由头进行某些不正当的非法交易。
截至2022年11月底，全国共破获涉黄网络诈骗案件39.1万起，其中相当部分直接与交友软件挂钩，许多因贪图色欲被骗钱骗色的事例屡出不鲜。
除此以外，有一些未成年人由于自身防备意识差，在接触到特殊交友网站之后往往无法自拔，在虚拟网恋中错以为自己遇到了人生的真爱。结果却被犯罪分子利用，有的误入歧途，有的被拐卖异地，有的甚至遭遇杀害。
因此，特殊交友软件百害而无一利，是社会不良现象的滋生皿，所以是公安机关重点处罚阵地，如果个人长期使用这种软件，尤其是以软件为抓手进行金钱交易，很有可能会被公安机关标记为可疑人员并进行调查处罚。
二、 怎样应对“扫黄”筛查？
1. 自觉遵守相关法规
若要人不知，除非己莫为。大数据筛查对于行得正坐得端的人来说没有任何影响，因为扫黄始终是针对有可疑行为的人群，网警不会无缘无故冤枉清白的人。
所以在生活中，我们要遵守相关法规，不去触犯雷区，自然不会受到处罚。目前大数据扫黄会不会泄露个人隐私成为了急需得到解答的疑问，但我们能确定的是，公安机关只有在掌握确凿证据的情况下才会采取行动，不会随意侵犯公民信息。
2. 使用正当软件或网站
无论是使用交友软件还是浏览不良网站，实际上都是个人缺乏陪伴与安全感的表现，但我们并不应该希冀这些不良网站可以为我们带来温暖。这些网站只能带来短暂的快乐，甚至有可能让我们误入歧途。
要想获得真正的朋友与温情，还是要投入到真正的生活当中去，结交知根知底、情投意合的朋友。
结语
在互联网发展迅速的今天，大数据从宏观层面上能帮助警察更好的锁定犯罪分子，从微观层面来说，我们每个人在网络上的行为，每分每秒都在被它分析、归类。“大数据扫黄”不可怕，可怕的是自身确有污点，在时代的洪流中，我们要坚守自身，只要我们能自觉约束自身，就一定会通过大数据扫黄的考验。"
